"","DT_YEAR_COLLISION","DT_MONTH_COLLISION","DT_TIME","YEAR_MONTH_DAY","YEAR_MONTH_DAY_HOUR","TIME_DT","CD_NIS","TX_RGN_COLLISION_NL","TX_PROV_COLLISION_NL","TX_MUNTY_COLLISION_NL","LAT_WGS84","LONG_WGS84","TX_CROSSWAY_NL","TX_WEATHER_NL","TX_ROAD_CONDITION_NL","TX_BUILD_UP_AREA_NL","TX_LIGHT_CONDITION_NL","CD_ROAD_TYPE_NL","TX_CLASS_ACCIDENTS_NL","TX_ROAD_USR_TYPE1_NL","TX_ROAD_USR_TYPE2_NL","TX_COLLISION_TYPE_NL","TX_OBSTACLES_NL","HOUR"
"132","2017","06","20",2017-06-01,2017-06-01 20:00:00,2023-12-12 20:00:00,"13017","Vlaams Gewest","Provincie Antwerpen","Kasterlee",51.224882984,4.92182077200005,"Op Kruispunt","Normaal","Droog","binnen bebouwde kom","Dag","Gewestweg","Met doden","Motorfiets","personenauto","Tussen 2 bestuurders: Frontale botsing","Geen hindernis","20"
"133","2019","01","15",2019-01-01,2019-01-01 15:00:00,2023-12-12 15:00:00,"13017","Vlaams Gewest","Provincie Antwerpen","Kasterlee",51.2253576260001,4.92331061000004,"Buiten Kruispunt","Normaal","Nat, plassen","binnen bebouwde kom","Dag","Gewestweg","Met doden","personenauto","Voetganger","Met een voetganger","Geen hindernis","15"
"134","2017","06","13",2017-06-01,2017-06-01 13:00:00,2023-12-12 13:00:00,"44064","Vlaams Gewest","Provincie Oost-Vlaanderen","Sint-Martens-Latem",51.0038275420001,3.62128751600005,"Op Kruispunt","Normaal","Droog","buiten bebouwde kom","Dag","Gewestweg","Met doden","Motorfiets","Vrachtwagen","Tss. 2 best.: langs opzij (voor-/achterkant-flank)","Geen hindernis","13"
"135","2019","04","09",2019-04-01,2019-04-01 09:00:00,2023-12-12 09:00:00,"44064","Vlaams Gewest","Provincie Oost-Vlaanderen","Sint-Martens-Latem",51.005674406,3.62538432200006,"Op Kruispunt","Normaal","Droog","buiten bebouwde kom","Dag","Gewestweg","dodelijk gewonden","personenauto","een weggebruiker tegen een hindernis","Weggebruiker tegen hindernis buiten rijbaan","Buiten de rijbaan: Andere paal","09"
"136","2017","06","11",2017-06-01,2017-06-01 11:00:00,2023-12-12 11:00:00,"31004","Vlaams Gewest","Provincie West-Vlaanderen","Blankenberge",51.3129071970001,3.13704342600005,"Buiten Kruispunt","Normaal","Droog","binnen bebouwde kom","Dag","Gewestweg","dodelijk gewonden","personenauto","Fiets","Tss. 2 best.: langs opzij (voor-/achterkant-flank)","Geen hindernis","11"
"137","2020","09","13",2020-09-01,2020-09-01 13:00:00,2023-12-12 13:00:00,"31004","Vlaams Gewest","Provincie West-Vlaanderen","Blankenberge",51.308739653,3.13689599100007,"Buiten Kruispunt","Normaal","Droog","binnen bebouwde kom","Dag","Gewestweg","dodelijk gewonden","onbekend","onbekend","Andere of onbekend","Geen vermelding van de aanwezigheid van een hindernis","13"
"138","2022","05","17",2022-05-01,2022-05-01 17:00:00,2023-12-12 17:00:00,"31004","Vlaams Gewest","Provincie West-Vlaanderen","Blankenberge",51.3137407290001,3.13217048100006,"Buiten Kruispunt","Normaal","Droog","binnen bebouwde kom","Dag","Gemeenteweg","dodelijk gewonden","Fiets","Voetganger","Met een voetganger","Geen hindernis","17"
"139","2017","06","03",2017-06-01,2017-06-01 03:00:00,2023-12-12 03:00:00,"38008","Vlaams Gewest","Provincie West-Vlaanderen","De Panne",51.0982713660001,2.58323908400007,"Buiten Kruispunt","Normaal","Droog","binnen bebouwde kom","Nacht, openbare verlichting aanwezig en ontstoken","Gewestweg","dodelijk gewonden","Bromfiets","één bestuurder, geen hindernis","Eén bestuurder, geen hindernis (incl. val)","Geen hindernis","03"
"140","2017","10","13",2017-10-01,2017-10-01 13:00:00,2023-12-12 13:00:00,"38008","Vlaams Gewest","Provincie West-Vlaanderen","De Panne",51.0963885460001,2.58727183400004,"Buiten Kruispunt","Normaal","Droog","binnen bebouwde kom","Dag","Gemeenteweg","Met doden","Vrachtwagen","Voetganger","Met een voetganger","Geen hindernis","13"
"141","2019","03","06",2019-03-01,2019-03-01 06:00:00,2023-12-12 06:00:00,"38008","Vlaams Gewest","Provincie West-Vlaanderen","De Panne",51.0980114320001,2.58328853200004,"Op Kruispunt","Regenval+Sterke wind, rukwind","Nat, plassen","binnen bebouwde kom","Nacht, openbare verlichting aanwezig en ontstoken","Gewestweg","Met doden","onbekend","onbekend","Andere of onbekend","Geen vermelding van de aanwezigheid van een hindernis","06"
"142","2017","07","14",2017-07-01,2017-07-01 14:00:00,2023-12-12 14:00:00,"11002","Vlaams Gewest","Provincie Antwerpen","Antwerpen",51.2104849680001,4.48240657300005,"Buiten Kruispunt","Normaal","Droog","buiten bebouwde kom","Dag","Autosnelweg","dodelijk gewonden","personenauto","Vrachtwagen","Tussen 2 bestuurders: Langs achteren","Geen hindernis","14"
"143","2018","12","00",2018-12-01,2018-12-01 00:00:00,2023-12-12 00:00:00,"11002","Vlaams Gewest","Provincie Antwerpen","Antwerpen",51.2117089970001,4.47905041300004,"Op Kruispunt","Normaal","Nat, plassen","binnen bebouwde kom","Nacht, openbare verlichting aanwezig en ontstoken","Gemeenteweg","Met doden","personenauto","een weggebruiker tegen een hindernis","Weggebruiker tegen hindernis buiten rijbaan","Buiten de rijbaan: Omheining","00"
"144","2017","07","14",2017-07-01,2017-07-01 14:00:00,2023-12-12 14:00:00,"23050","Vlaams Gewest","Provincie Vlaams-Brabant","Meise",50.928851298,4.33531433200005,"Buiten Kruispunt","Normaal","Droog","buiten bebouwde kom","Dag","Autosnelweg","Met doden","Lichte vrachtauto","personenauto","Tussen 2 bestuurders: Langs achteren","Geen hindernis","14"
"145","2019","07","19",2019-07-01,2019-07-01 19:00:00,2023-12-12 19:00:00,"23050","Vlaams Gewest","Provincie Vlaams-Brabant","Meise",50.924936954,4.33579950600006,"Buiten Kruispunt","Normaal","Droog","buiten bebouwde kom","Dag","Gewestweg","dodelijk gewonden","Bromfiets","een weggebruiker tegen een hindernis","Weggebruiker tegen hindernis buiten rijbaan","Buiten de rijbaan: Andere paal","19"
"146","2017","07","01",2017-07-01,2017-07-01 01:00:00,2023-12-12 01:00:00,"63035","Waals Gewest","Provincie Luik","Herve",50.6341592910001,5.76815014400006,"Buiten Kruispunt","Normaal","Droog+Proper","buiten bebouwde kom","Nacht, geen openbare verlichting aanwezig","Autosnelweg","Met doden","personenauto","een weggebruiker tegen een hindernis","Weggebruiker tegen hindernis buiten rijbaan","Buiten de rijbaan: Boom","01"
"147","2019","01","12",2019-01-01,2019-01-01 12:00:00,2023-12-12 12:00:00,"63035","Waals Gewest","Provincie Luik","Herve",50.636993241,5.76516883600004,"Buiten Kruispunt","Normaal","Proper","buiten bebouwde kom","Dag","Gewestweg","Met doden","personenauto","Vrachtwagen","Tss. 2 best.: langs opzij (voor-/achterkant-flank)","Geen hindernis","12"
"148","2017","07","13",2017-07-01,2017-07-01 13:00:00,2023-12-12 13:00:00,"25112","Waals Gewest","Provincie Waals-Brabant","Waver",50.7156691690001,4.60604586900007,"Buiten Kruispunt","Regenval","Nat, plassen","binnen bebouwde kom","Dag","Gemeenteweg","Met doden","Voetganger","Autobus","Met een voetganger","Geen hindernis","13"
"149","2017","11","18",2017-11-01,2017-11-01 18:00:00,2023-12-12 18:00:00,"25112","Waals Gewest","Provincie Waals-Brabant","Waver",50.713191238,4.60848422600003,"Buiten Kruispunt","Onbekend","Nat, plassen","binnen bebouwde kom","Nacht, openbare verlichting aanwezig en ontstoken","Gewestweg","Met doden","personenauto","Voetganger","Met een voetganger","Geen hindernis","18"
"150","2017","08","18",2017-08-01,2017-08-01 18:00:00,2023-12-12 18:00:00,"61003","Waals Gewest","Provincie Luik","Amay",50.5371481350001,5.28335150100003,"Buiten Kruispunt","Regenval","Nat, plassen","buiten bebouwde kom","Dag","Gewestweg","Met doden","personenauto","personenauto","Tss. 2 best.: langs opzij (voor-/achterkant-flank)","Geen hindernis","18"
"151","2019","07","16",2019-07-01,2019-07-01 16:00:00,2023-12-12 16:00:00,"61003","Waals Gewest","Provincie Luik","Amay",50.54067566,5.28366170800007,"Buiten Kruispunt","Normaal","Proper","buiten bebouwde kom","Dag","Gewestweg","Met doden","personenauto","personenauto","Tussen 2 bestuurders: Frontale botsing","Geen hindernis","16"
"152","2017","07","16",2017-07-01,2017-07-01 16:00:00,2023-12-12 16:00:00,"21015","Brussels Hoofdstedelijk Gewest",NA,"Schaarbeek",50.860638598,4.35968394200006,"Buiten Kruispunt","Normaal","Proper","binnen bebouwde kom","Dag","Gewestweg","Met doden","Autobus","Voetganger","Met een voetganger","Geen hindernis","16"
"153","2017","10","20",2017-10-01,2017-10-01 20:00:00,2023-12-12 20:00:00,"21004","Brussels Hoofdstedelijk Gewest",NA,"Brussel",50.8613953880001,4.35602757300006,"Op Kruispunt","Normaal","Droog","binnen bebouwde kom","Nacht, openbare verlichting aanwezig en ontstoken","Gewestweg","dodelijk gewonden","personenauto","personenauto","Tss. 2 best.: langs opzij (voor-/achterkant-flank)","Geen hindernis","20"
"154","2017","07","14",2017-07-01,2017-07-01 14:00:00,2023-12-12 14:00:00,"11023","Vlaams Gewest","Provincie Antwerpen","Kapellen (Antwerpen)",51.3142736630001,4.42924993900004,"Op Kruispunt","Normaal","Droog","binnen bebouwde kom","Dag","Gewestweg","Met doden","personenauto","Voetganger","Met een voetganger","Geen hindernis","14"
"155","2019","07","12",2019-07-01,2019-07-01 12:00:00,2023-12-12 12:00:00,"11023","Vlaams Gewest","Provincie Antwerpen","Kapellen (Antwerpen)",51.314859417,4.42907245300006,"Buiten Kruispunt","Normaal","Droog","binnen bebouwde kom","Dag","Gemeenteweg","dodelijk gewonden","Voetganger","personenauto","Met een voetganger","Geen hindernis","12"
"156","2017","07","19",2017-07-01,2017-07-01 19:00:00,2023-12-12 19:00:00,"11029","Vlaams Gewest","Provincie Antwerpen","Mortsel",51.1726704430001,4.44584126700005,"Op Kruispunt","Normaal","Droog","binnen bebouwde kom","Dag","Gewestweg","Met doden","Andere weggebruiker","Voetganger","Met een voetganger","Geen hindernis","19"
"157","2019","03","13",2019-03-01,2019-03-01 13:00:00,2023-12-12 13:00:00,"11029","Vlaams Gewest","Provincie Antwerpen","Mortsel",51.1711178400001,4.44832285500007,"Buiten Kruispunt","Normaal","Droog","binnen bebouwde kom","Dag","Gewestweg","Met doden","Vrachtwagen","Voetganger","Met een voetganger","Geen hindernis","13"
"158","2017","08","09",2017-08-01,2017-08-01 09:00:00,2023-12-12 09:00:00,"13031","Vlaams Gewest","Provincie Antwerpen","Oud-Turnhout",51.2939787430001,5.02697708400007,"Buiten Kruispunt","Normaal","Droog","buiten bebouwde kom","Dag","Autosnelweg","Met doden","Lichte vrachtauto","een weggebruiker tegen een hindernis","Weggebruiker tegen hindernis buiten rijbaan","Andere hindernis","09"
"159","2017","11","01",2017-11-01,2017-11-01 01:00:00,2023-12-12 01:00:00,"13031","Vlaams Gewest","Provincie Antwerpen","Oud-Turnhout",51.2939787430001,5.02697708400007,"Buiten Kruispunt","Regenval","Nat, plassen","buiten bebouwde kom","Nacht, geen openbare verlichting aanwezig","Autosnelweg","dodelijk gewonden","personenauto","een weggebruiker tegen een hindernis","Weggebruiker tegen hindernis buiten rijbaan","Buiten de rijbaan: Andere paal","01"
"160","2017","08","01",2017-08-01,2017-08-01 01:00:00,2023-12-12 01:00:00,"62063","Waals Gewest","Provincie Luik","Luik",50.615782557,5.57324828500003,"Buiten Kruispunt","Normaal","Droog","binnen bebouwde kom","Nacht, openbare verlichting aanwezig en ontstoken","Gemeenteweg","Met doden","personenauto","Voetganger","Met een voetganger","Geen hindernis","01"
"161","2020","03","15",2020-03-01,2020-03-01 15:00:00,2023-12-12 15:00:00,"62063","Waals Gewest","Provincie Luik","Luik",50.6198295820001,5.57428752300007,"Buiten Kruispunt","Normaal","Nat, plassen","binnen bebouwde kom","Dag","Gemeenteweg","dodelijk gewonden","Voetganger","Autobus","Met een voetganger","Geen hindernis","15"
"162","2017","08","16",2017-08-01,2017-08-01 16:00:00,2023-12-12 16:00:00,"62100","Waals Gewest","Provincie Luik","Sprimont",50.5370005390001,5.61909127300004,"Buiten Kruispunt","Normaal","Proper","buiten bebouwde kom","Dag","Gewestweg","dodelijk gewonden","Motorfiets","een weggebruiker tegen een hindernis","Weggebruiker tegen hindernis buiten rijbaan","Andere hindernis","16"
"163","2019","12","14",2019-12-01,2019-12-01 14:00:00,2023-12-12 14:00:00,"62100","Waals Gewest","Provincie Luik","Sprimont",50.5370005390001,5.61909127300004,"Buiten Kruispunt","Normaal","Nat, plassen","buiten bebouwde kom","Dag","Gewestweg","Met doden","personenauto","een weggebruiker tegen een hindernis","Weggebruiker tegen hindernis buiten rijbaan","Buiten de rijbaan: Boom","14"
"164","2017","08","09",2017-08-01,2017-08-01 09:00:00,2023-12-12 09:00:00,"92114","Waals Gewest","Provincie Namen","Sombreffe",50.523470946,4.62770158000006,"Buiten Kruispunt","Regenval","Nat, plassen","buiten bebouwde kom","Dag","Gewestweg","Met doden","personenauto","een weggebruiker tegen een hindernis","Weggebruiker tegen hindernis buiten rijbaan","Buiten de rijbaan: Boom","09"
"165","2021","02","15",2021-02-01,2021-02-01 15:00:00,2023-12-12 15:00:00,"92114","Waals Gewest","Provincie Namen","Sombreffe",50.522839665,4.63432990500007,"Buiten Kruispunt","Regenval","Nat, plassen","buiten bebouwde kom","Dag","Gewestweg","Met doden","personenauto","personenauto","Tss. 2 best.: langs opzij (voor-/achterkant-flank)","Geen hindernis","15"
"166","2017","08","13",2017-08-01,2017-08-01 13:00:00,2023-12-12 13:00:00,"23103","Vlaams Gewest","Provincie Vlaams-Brabant","Wezembeek-Oppem",50.84996067,4.48239250400007,"Op Kruispunt","Regenval","Nat, plassen","buiten bebouwde kom","Dag","Gewestweg","dodelijk gewonden","Motorfiets","Voetganger","Met een voetganger","Geen hindernis","13"
"167","2017","12","13",2017-12-01,2017-12-01 13:00:00,2023-12-12 13:00:00,"23103","Vlaams Gewest","Provincie Vlaams-Brabant","Wezembeek-Oppem",50.84996067,4.48239250400007,"Op Kruispunt","Normaal","Nat, plassen","buiten bebouwde kom","Dag","Gewestweg","dodelijk gewonden","Fiets","personenauto","Tussen 2 bestuurders: Flank tegen flank","Geen hindernis","13"
"168","2017","10","23",2017-10-01,2017-10-01 23:00:00,2023-12-12 23:00:00,"44021","Vlaams Gewest","Provincie Oost-Vlaanderen","Gent",51.014000213,3.72860427100005,"Buiten Kruispunt","Normaal","Droog","buiten bebouwde kom","Nacht, openbare verlichting aanwezig en ontstoken","Autosnelweg","Met doden","personenauto","een weggebruiker tegen een hindernis","Weggebruiker tegen hindernis buiten rijbaan","Buiten de rijbaan: Verlichtingspaal","23"
"169","2019","02","21",2019-02-01,2019-02-01 21:00:00,2023-12-12 21:00:00,"44021","Vlaams Gewest","Provincie Oost-Vlaanderen","Gent",51.0106560020001,3.72967197400004,"Buiten Kruispunt","Regenval","Nat, plassen","buiten bebouwde kom","Nacht, openbare verlichting aanwezig en ontstoken","Autosnelweg","dodelijk gewonden","personenauto","een weggebruiker tegen een hindernis","Weggebruiker tegen hindernis buiten rijbaan","Buiten de rijbaan: Verkeerseiland, middenberm","21"
"170","2017","10","14",2017-10-01,2017-10-01 14:00:00,2023-12-12 14:00:00,"34022","Vlaams Gewest","Provincie West-Vlaanderen","Kortrijk",50.805336342,3.26463896400003,"Buiten Kruispunt","Normaal","Droog","buiten bebouwde kom","Dag","Autosnelweg","Met doden","Vrachtwagen","Vrachtwagen","Tussen 2 bestuurders: Langs achteren","Geen hindernis","14"
"171","2018","04","15",2018-04-01,2018-04-01 15:00:00,2023-12-12 15:00:00,"34022","Vlaams Gewest","Provincie West-Vlaanderen","Kortrijk",50.8045012740001,3.26217559600002,"Buiten Kruispunt","Normaal","Droog","buiten bebouwde kom","Dag","Autosnelweg","Met doden","Vrachtwagen","Vrachtwagen","Tussen 2 bestuurders: Langs achteren","Geen hindernis","15"
"172","2017","10","17",2017-10-01,2017-10-01 17:00:00,2023-12-12 17:00:00,"25031","Waals Gewest","Provincie Waals-Brabant","Genepiën",50.6177649110001,4.42495366900005,"Buiten Kruispunt","Normaal","Droog","buiten bebouwde kom","Dag","Gewestweg","Met doden","Lichte vrachtauto","Andere weggebruiker","Tussen 2 bestuurders: Langs achteren","Geen hindernis","17"
"173","2019","02","11",2019-02-01,2019-02-01 11:00:00,2023-12-12 11:00:00,"25031","Waals Gewest","Provincie Waals-Brabant","Genepiën",50.619895736,4.43114034100006,"Buiten Kruispunt","Normaal","Droog+Proper","buiten bebouwde kom","Dag","Gewestweg","Met doden","personenauto","Andere weggebruiker","Tussen 2 bestuurders: Langs achteren","Geen hindernis","11"
"174","2017","10","12",2017-10-01,2017-10-01 12:00:00,2023-12-12 12:00:00,"23027","Vlaams Gewest","Provincie Vlaams-Brabant","Halle (Halle-Vilvoorde)",50.724073838,4.20928052100004,"Buiten Kruispunt","Normaal","Nat, plassen","buiten bebouwde kom","Dag","Autosnelweg","Met doden","Motorfiets","een weggebruiker tegen een hindernis","Weggebruiker tegen hindernis buiten rijbaan","Buiten de rijbaan: Boom","12"
"175","2021","06","16",2021-06-01,2021-06-01 16:00:00,2023-12-12 16:00:00,"23027","Vlaams Gewest","Provincie Vlaams-Brabant","Halle (Halle-Vilvoorde)",50.725774201,4.21480836800004,"Buiten Kruispunt","Normaal","Droog","buiten bebouwde kom","Dag","Autosnelweg","Met doden","Lichte vrachtauto","Vrachtwagen","Tussen 2 bestuurders: Langs achteren","Geen hindernis","16"
"176","2017","10","11",2017-10-01,2017-10-01 11:00:00,2023-12-12 11:00:00,"53053","Waals Gewest","Provincie Henegouwen","Bergen",50.4887043470001,4.01313079000005,"Buiten Kruispunt","Normaal","Droog","buiten bebouwde kom","Dag","Autosnelweg","Met doden","personenauto","personenauto","Tussen 2 bestuurders: Langs achteren","Geen hindernis","11"
"177","2019","10","10",2019-10-01,2019-10-01 10:00:00,2023-12-12 10:00:00,"53053","Waals Gewest","Provincie Henegouwen","Bergen",50.4901588910001,4.00654821100005,"Buiten Kruispunt","Onbekend","Droog+Proper","buiten bebouwde kom","Dag","Autosnelweg","Met doden","Vrachtwagen","Andere weggebruiker","Kettingbotsing (3 bestuurders of meer)","Geen hindernis","10"
"178","2017","09","19",2017-09-01,2017-09-01 19:00:00,2023-12-12 19:00:00,"57003","Waals Gewest","Provincie Henegouwen","Antoing",50.568608784,3.46500534400008,"Buiten Kruispunt","Regenval","Nat, plassen","buiten bebouwde kom","Dageraad - schemering","Gewestweg","Met doden","personenauto","een weggebruiker tegen een hindernis","Weggebruiker tegen hindernis buiten rijbaan","Buiten de rijbaan: Boom","19"
"179","2022","04","14",2022-04-01,2022-04-01 14:00:00,2023-12-12 14:00:00,"57003","Waals Gewest","Provincie Henegouwen","Antoing",50.5666201510001,3.46334462100003,"Buiten Kruispunt","Normaal","Proper","buiten bebouwde kom","Dag","Gewestweg","Met doden","personenauto","een weggebruiker tegen een hindernis","Weggebruiker tegen hindernis buiten rijbaan","Andere hindernis","14"
"180","2017","11","17",2017-11-01,2017-11-01 17:00:00,2023-12-12 17:00:00,"92114","Waals Gewest","Provincie Namen","Sombreffe",50.4910425360001,4.61677044300006,"Buiten Kruispunt","Normaal","Nat, plassen","buiten bebouwde kom","Dag","Autosnelweg","Met doden","personenauto","personenauto","Tussen 2 bestuurders: Langs achteren","Geen hindernis","17"
"181","2018","08","00",2018-08-01,2018-08-01 00:00:00,2023-12-12 00:00:00,"92137","Waals Gewest","Provincie Namen","Sambreville",50.4907262020001,4.61544673400005,"Buiten Kruispunt","Normaal","Nat, plassen","buiten bebouwde kom","Nacht, geen openbare verlichting aanwezig","Autosnelweg","Met doden","personenauto","Vrachtwagen","Tussen 2 bestuurders: Flank tegen flank","Geen hindernis","00"
"182","2017","09","14",2017-09-01,2017-09-01 14:00:00,2023-12-12 14:00:00,"84043","Waals Gewest","Provincie Luxemburg","Neufchâteau (Neufchâteau)",49.8428895770001,5.39582169200003,"Op Kruispunt","Normaal","Proper","buiten bebouwde kom","Dag","Gewestweg","Met doden","personenauto","personenauto","Tss. 2 best.: langs opzij (voor-/achterkant-flank)","Geen hindernis","14"
"183","2018","03","17",2018-03-01,2018-03-01 17:00:00,2023-12-12 17:00:00,"84043","Waals Gewest","Provincie Luxemburg","Neufchâteau (Neufchâteau)",49.8428895770001,5.39582169200003,"Op Kruispunt","Normaal","Nat, plassen","buiten bebouwde kom","Dag","Gewestweg","dodelijk gewonden","Lichte vrachtauto","personenauto","Tss. 2 best.: langs opzij (voor-/achterkant-flank)","Geen hindernis","17"
"184","2021","08","23",2021-08-01,2021-08-01 23:00:00,2023-12-12 23:00:00,"84043","Waals Gewest","Provincie Luxemburg","Neufchâteau (Neufchâteau)",49.8428895770001,5.39582169200003,"Op Kruispunt","Normaal","Proper","buiten bebouwde kom","Nacht, geen openbare verlichting aanwezig","Gewestweg","dodelijk gewonden","personenauto","personenauto","Tussen 2 bestuurders: Frontale botsing","Geen hindernis","23"
"185","2017","09","19",2017-09-01,2017-09-01 19:00:00,2023-12-12 19:00:00,"93010","Waals Gewest","Provincie Namen","Cerfontaine",50.168697308,4.40390432000004,"Op Kruispunt","Normaal","Droog+Proper","binnen bebouwde kom","Dag","Gemeenteweg","Met doden","personenauto","één bestuurder, geen hindernis","Eén bestuurder, geen hindernis (incl. val)","Geen hindernis","19"
"186","2018","05","17",2018-05-01,2018-05-01 17:00:00,2023-12-12 17:00:00,"93088","Waals Gewest","Provincie Namen","Walcourt",50.16549453,4.40041388800006,"Buiten Kruispunt","Normaal","Droog+Proper","buiten bebouwde kom","Dag","Gewestweg","Met doden","personenauto","een weggebruiker tegen een hindernis","Weggebruiker tegen hindernis buiten rijbaan","Buiten de rijbaan: Muur gebouw","17"
"187","2017","10","18",2017-10-01,2017-10-01 18:00:00,2023-12-12 18:00:00,"53039","Waals Gewest","Provincie Henegouwen","Hensies",50.4195543050001,3.74613866400006,"Op Kruispunt","Normaal","Droog","buiten bebouwde kom","Nacht, openbare verlichting aanwezig en ontstoken","Gewestweg","Met doden","onbekend","onbekend","Geen vermelding van de type aanrijding","Geen vermelding van de type aanrijding","18"
"188","2018","11","08",2018-11-01,2018-11-01 08:00:00,2023-12-12 08:00:00,"53039","Waals Gewest","Provincie Henegouwen","Hensies",50.4208399830001,3.75228419600006,"Buiten Kruispunt","Regenval","Nat, plassen","buiten bebouwde kom","Dageraad - schemering","Gewestweg","Met doden","personenauto","personenauto","Kettingbotsing (3 bestuurders of meer)","Geen hindernis","08"
"189","2017","09","14",2017-09-01,2017-09-01 14:00:00,2023-12-12 14:00:00,"56016","Waals Gewest","Provincie Henegouwen","Chimay",50.0618238160001,4.26506163400006,"Buiten Kruispunt","Regenval","Nat, plassen","buiten bebouwde kom","Dag","Gewestweg","Met doden","personenauto","een weggebruiker tegen een hindernis","Weggebruiker tegen hindernis buiten rijbaan","Buiten de rijbaan: Muur gebouw","14"
"190","2020","03","17",2020-03-01,2020-03-01 17:00:00,2023-12-12 17:00:00,"56016","Waals Gewest","Provincie Henegouwen","Chimay",50.0580316030001,4.26715477600004,"Buiten Kruispunt","Regenval","Proper","buiten bebouwde kom","Dag","Gewestweg","Met doden","personenauto","personenauto","Tussen 2 bestuurders: Frontale botsing","Geen hindernis","17"
"191","2022","06","20",2022-06-01,2022-06-01 20:00:00,2023-12-12 20:00:00,"21004","Brussels Hoofdstedelijk Gewest",NA,"Brussel",50.864279277,4.35376960400004,"Op Kruispunt","Normaal","Droog+Proper","binnen bebouwde kom","Dag","Gewestweg","dodelijk gewonden","personenauto","Voetganger","Met een voetganger","Geen hindernis","20"
"192","2017","10","19",2017-10-01,2017-10-01 19:00:00,2023-12-12 19:00:00,"11002","Vlaams Gewest","Provincie Antwerpen","Antwerpen",51.2201443710001,4.41766802400002,"Op Kruispunt","Normaal","Droog","binnen bebouwde kom","Nacht, openbare verlichting aanwezig en ontstoken","Gewestweg","dodelijk gewonden","personenauto","Voetganger","Met een voetganger","Geen hindernis","19"
"193","2022","10","02",2022-10-01,2022-10-01 02:00:00,2023-12-12 02:00:00,"11002","Vlaams Gewest","Provincie Antwerpen","Antwerpen",51.2185588240001,4.41706229900007,"Buiten Kruispunt","Normaal","Droog","binnen bebouwde kom","Nacht, openbare verlichting aanwezig en ontstoken","Gemeenteweg","Met doden","Voetganger","personenauto","Met een voetganger","Geen hindernis","02"
"194","2017","09","03",2017-09-01,2017-09-01 03:00:00,2023-12-12 03:00:00,"11050","Vlaams Gewest","Provincie Antwerpen","Wijnegem",51.2344302180001,4.52001796100006,"Buiten Kruispunt","Normaal","Droog","buiten bebouwde kom","Nacht, openbare verlichting aanwezig en ontstoken","Gewestweg","Met doden","personenauto","een weggebruiker tegen een hindernis","Weggebruiker tegen hindernis buiten rijbaan","Buiten de rijbaan: Boom","03"
"195","2019","08","12",2019-08-01,2019-08-01 12:00:00,2023-12-12 12:00:00,"11050","Vlaams Gewest","Provincie Antwerpen","Wijnegem",51.2344302180001,4.52001796100006,"Buiten Kruispunt","Normaal","Droog","buiten bebouwde kom","Dag","Gewestweg","Met doden","personenauto","een weggebruiker tegen een hindernis","Weggebruiker tegen hindernis buiten rijbaan","Buiten de rijbaan: Boom","12"
"196","2017","10","19",2017-10-01,2017-10-01 19:00:00,2023-12-12 19:00:00,"13004","Vlaams Gewest","Provincie Antwerpen","Beerse",51.3276764920001,4.85371606000007,"Buiten Kruispunt","Normaal","Droog","buiten bebouwde kom","Nacht, openbare verlichting aanwezig en ontstoken","Gemeenteweg","Met doden","personenauto","een weggebruiker tegen een hindernis","Weggebruiker tegen hindernis buiten rijbaan","Buiten de rijbaan: Boom","19"
"197","2019","08","22",2019-08-01,2019-08-01 22:00:00,2023-12-12 22:00:00,"13004","Vlaams Gewest","Provincie Antwerpen","Beerse",51.324536659,4.85603796100003,"Buiten Kruispunt","Normaal","Droog","binnen bebouwde kom","Nacht, openbare verlichting aanwezig en ontstoken","Gewestweg","Met doden","Vrachtwagen","Fiets","Tss. 2 best.: langs opzij (voor-/achterkant-flank)","Geen hindernis","22"
"198","2017","09","14",2017-09-01,2017-09-01 14:00:00,2023-12-12 14:00:00,"72004","Vlaams Gewest","Provincie Limburg","Bree",51.142194782,5.59521178300002,"Op Kruispunt","Normaal","Droog","binnen bebouwde kom","Dag","Gewestweg","dodelijk gewonden","personenauto","Fiets","Tss. 2 best.: langs opzij (voor-/achterkant-flank)","Geen hindernis","14"