"","DT_YEAR_COLLISION","DT_MONTH_COLLISION","DT_TIME","YEAR_MONTH_DAY","YEAR_MONTH_DAY_HOUR","TIME_DT","CD_NIS","TX_RGN_COLLISION_NL","TX_PROV_COLLISION_NL","TX_MUNTY_COLLISION_NL","LAT_WGS84","LONG_WGS84","TX_CROSSWAY_NL","TX_WEATHER_NL","TX_ROAD_CONDITION_NL","TX_BUILD_UP_AREA_NL","TX_LIGHT_CONDITION_NL","CD_ROAD_TYPE_NL","TX_CLASS_ACCIDENTS_NL","TX_ROAD_USR_TYPE1_NL","TX_ROAD_USR_TYPE2_NL","TX_COLLISION_TYPE_NL","TX_OBSTACLES_NL","HOUR"
"199","2021","03","12",2021-03-01,2021-03-01 12:00:00,2023-12-12 12:00:00,"72004","Vlaams Gewest","Provincie Limburg","Bree",51.141828833,5.60048915100003,"Buiten Kruispunt","Normaal","Droog","binnen bebouwde kom","Dag","Gemeenteweg","Met doden","Vrachtwagen","Voetganger","Met een voetganger","Geen hindernis","12"
"200","2021","10","10",2021-10-01,2021-10-01 10:00:00,2023-12-12 10:00:00,"72004","Vlaams Gewest","Provincie Limburg","Bree",51.1404579760001,5.60120929700003,"Op Kruispunt","Normaal","Droog","binnen bebouwde kom","Dag","Gewestweg","dodelijk gewonden","personenauto","Fiets","Tss. 2 best.: langs opzij (voor-/achterkant-flank)","Geen hindernis","10"
"201","2017","10","13",2017-10-01,2017-10-01 13:00:00,2023-12-12 13:00:00,"35013","Vlaams Gewest","Provincie West-Vlaanderen","Oostende",51.2309155900001,2.91948388400004,"Op Kruispunt","Normaal","Droog","binnen bebouwde kom","Dag","Gemeenteweg","dodelijk gewonden","Lichte vrachtauto","Voetganger","Met een voetganger","Geen hindernis","13"
"202","2019","01","12",2019-01-01,2019-01-01 12:00:00,2023-12-12 12:00:00,"35013","Vlaams Gewest","Provincie West-Vlaanderen","Oostende",51.2275547400001,2.92380287400005,"Buiten Kruispunt","Normaal","Droog","binnen bebouwde kom","Dag","Gewestweg","Met doden","Andere weggebruiker","Voetganger","Met een voetganger","Geen hindernis","12"
"203","2017","09","05",2017-09-01,2017-09-01 05:00:00,2023-12-12 05:00:00,"12025","Vlaams Gewest","Provincie Antwerpen","Mechelen",51.0497252320001,4.46652128400007,"Op Kruispunt","Regenval","Nat, plassen","buiten bebouwde kom","Nacht, openbare verlichting aanwezig en ontstoken","Gewestweg","Met doden","Vrachtwagen","personenauto","Tss. 2 best.: langs opzij (voor-/achterkant-flank)","Geen hindernis","05"
"204","2017","10","17",2017-10-01,2017-10-01 17:00:00,2023-12-12 17:00:00,"12025","Vlaams Gewest","Provincie Antwerpen","Mechelen",51.0497252320001,4.46652128400007,"Op Kruispunt","Normaal","Droog","buiten bebouwde kom","Dag","Gewestweg","dodelijk gewonden","Lichte vrachtauto","Voetganger","Met een voetganger","Geen hindernis","17"
"205","2017","11","08",2017-11-01,2017-11-01 08:00:00,2023-12-12 08:00:00,"11009","Vlaams Gewest","Provincie Antwerpen","Brecht",51.3283659670001,4.59674901300002,"Buiten Kruispunt","Regenval","Nat, plassen","buiten bebouwde kom","Dageraad - schemering","Autosnelweg","Met doden","Vrachtwagen","Vrachtwagen","Tussen 2 bestuurders: Langs achteren","Geen hindernis","08"
"206","2020","11","10",2020-11-01,2020-11-01 10:00:00,2023-12-12 10:00:00,"11009","Vlaams Gewest","Provincie Antwerpen","Brecht",51.3300362740001,4.60013396700003,"Buiten Kruispunt","Normaal","Droog","buiten bebouwde kom","Dag","Autosnelweg","Met doden","Lichte vrachtauto","Voetganger","Met een voetganger","Geen hindernis","10"
"207","2017","11","15",2017-11-01,2017-11-01 15:00:00,2023-12-12 15:00:00,"57081","Waals Gewest","Provincie Henegouwen","Doornik",50.637676427,3.30542515900004,"Buiten Kruispunt","Normaal","Proper","buiten bebouwde kom","Dag","Autosnelweg","Met doden","Vrachtwagen","Vrachtwagen","Tussen 2 bestuurders: Langs achteren","Geen hindernis","15"
"208","2020","01","18",2020-01-01,2020-01-01 18:00:00,2023-12-12 18:00:00,"57081","Waals Gewest","Provincie Henegouwen","Doornik",50.6340016870001,3.30139693500007,"Buiten Kruispunt","Normaal","Droog","binnen bebouwde kom","Nacht, openbare verlichting aanwezig en ontstoken","Gemeenteweg","Met doden","Andere weggebruiker","Bromfiets","Tussen 2 bestuurders: Langs achteren","Geen hindernis","18"
"209","2017","11","16",2017-11-01,2017-11-01 16:00:00,2023-12-12 16:00:00,"25110","Waals Gewest","Provincie Waals-Brabant","Waterloo",50.705417836,4.40175578400004,"Buiten Kruispunt","Normaal","Nat, plassen","binnen bebouwde kom","Dag","Gewestweg","Met doden","Motorfiets","Vrachtwagen","Tss. 2 best.: langs opzij (voor-/achterkant-flank)","Geen hindernis","16"
"210","2020","10","12",2020-10-01,2020-10-01 12:00:00,2023-12-12 12:00:00,"25110","Waals Gewest","Provincie Waals-Brabant","Waterloo",50.708454284,4.40137298100006,"Buiten Kruispunt","Normaal","Proper","binnen bebouwde kom","Dag","Gewestweg","dodelijk gewonden","personenauto","Voetganger","Met een voetganger","Geen hindernis","12"
"211","2017","11","02",2017-11-01,2017-11-01 02:00:00,2023-12-12 02:00:00,"91142","Waals Gewest","Provincie Namen","Hastière",50.201184106,4.85653077700005,"Buiten Kruispunt","Normaal","Droog+Proper","binnen bebouwde kom","Nacht, openbare verlichting aanwezig en ontstoken","Gewestweg","Met doden","personenauto","een weggebruiker tegen een hindernis","Weggebruiker tegen hindernis buiten rijbaan","Buiten de rijbaan: Vangrails overschreden","02"
"212","2019","04","18",2019-04-01,2019-04-01 18:00:00,2023-12-12 18:00:00,"91142","Waals Gewest","Provincie Namen","Hastière",50.2008157510001,4.85750583700008,"Buiten Kruispunt","Normaal","Proper","binnen bebouwde kom","Dag","Gewestweg","Met doden","Motorfiets","één bestuurder, geen hindernis","Eén bestuurder, geen hindernis (incl. val)","Geen hindernis","18"
"213","2017","11","17",2017-11-01,2017-11-01 17:00:00,2023-12-12 17:00:00,"53065","Waals Gewest","Provincie Henegouwen","Quaregnon",50.449764573,3.86878875500003,"Buiten Kruispunt","Normaal","Proper","binnen bebouwde kom","Dageraad - schemering","Gewestweg","Met doden","personenauto","Voetganger","Met een voetganger","Geen hindernis","17"
"214","2019","02","12",2019-02-01,2019-02-01 12:00:00,2023-12-12 12:00:00,"53065","Waals Gewest","Provincie Henegouwen","Quaregnon",50.4537275490001,3.86983208000004,"Buiten Kruispunt","Normaal","Proper","buiten bebouwde kom","Dag","Gewestweg","Met doden","personenauto","Motorfiets","Tussen 2 bestuurders: Langs achteren","Geen hindernis","12"
"215","2017","11","17",2017-11-01,2017-11-01 17:00:00,2023-12-12 17:00:00,"21004","Brussels Hoofdstedelijk Gewest",NA,"Brussel",50.851404598,4.33988246800004,"Buiten Kruispunt","Regenval","Nat, plassen","binnen bebouwde kom","Nacht, openbare verlichting aanwezig en ontstoken","Gewestweg","Met doden","Andere weggebruiker","Voetganger","Met een voetganger","Geen hindernis","17"
"216","2019","11","09",2019-11-01,2019-11-01 09:00:00,2023-12-12 09:00:00,"21012","Brussels Hoofdstedelijk Gewest",NA,"Sint-Jans-Molenbeek",50.8504908400001,4.33823673700005,"Op Kruispunt","Regenval","Nat, plassen","binnen bebouwde kom","Dag","Gewestweg","dodelijk gewonden","Vrachtwagen","Fiets","Tussen 2 bestuurders: Flank tegen flank","Geen hindernis","09"
"217","2017","11","23",2017-11-01,2017-11-01 23:00:00,2023-12-12 23:00:00,"21015","Brussels Hoofdstedelijk Gewest",NA,"Schaarbeek",50.8633985210001,4.37300903700003,"Buiten Kruispunt","Normaal","Proper","binnen bebouwde kom","Nacht, openbare verlichting aanwezig en ontstoken","Gewestweg","Met doden","personenauto","Voetganger","Met een voetganger","Geen hindernis","23"
"218","2017","11","18",2017-11-01,2017-11-01 18:00:00,2023-12-12 18:00:00,"21015","Brussels Hoofdstedelijk Gewest",NA,"Schaarbeek",50.860447003,4.37813838700004,"Op Kruispunt","Onbekend","Proper","binnen bebouwde kom","Nacht, openbare verlichting aanwezig en ontstoken","Gemeenteweg","dodelijk gewonden","personenauto","Voetganger","Met een voetganger","Geen hindernis","18"
"219","2018","03","10",2018-03-01,2018-03-01 10:00:00,2023-12-12 10:00:00,"21015","Brussels Hoofdstedelijk Gewest",NA,"Schaarbeek",50.8641231350001,4.36683913200005,"Op Kruispunt","Normaal","Proper","binnen bebouwde kom","Dag","Gewestweg","Met doden","onbekend","onbekend","Geen vermelding van de type aanrijding","Geen vermelding van de type aanrijding","10"
"220","2017","11","21",2017-11-01,2017-11-01 21:00:00,2023-12-12 21:00:00,"23081","Vlaams Gewest","Provincie Vlaams-Brabant","Steenokkerzeel",50.910037258,4.47767196300003,"Op Kruispunt","Normaal","Nat, plassen","buiten bebouwde kom","Nacht, openbare verlichting aanwezig en ontstoken","Gewestweg","Met doden","Lichte vrachtauto","Motorfiets","Tss. 2 best.: langs opzij (voor-/achterkant-flank)","Geen hindernis","21"
"221","2021","01","19",2021-01-01,2021-01-01 19:00:00,2023-12-12 19:00:00,"23081","Vlaams Gewest","Provincie Vlaams-Brabant","Steenokkerzeel",50.90982302,4.47650347100006,"Buiten Kruispunt","Normaal","Nat, plassen","buiten bebouwde kom","Nacht, openbare verlichting aanwezig en ontstoken","Gewestweg","Met doden","personenauto","een weggebruiker tegen een hindernis","Weggebruiker tegen hindernis buiten rijbaan","Buiten de rijbaan: Muur gebouw","19"
"222","2017","11","10",2017-11-01,2017-11-01 10:00:00,2023-12-12 10:00:00,"41002","Vlaams Gewest","Provincie Oost-Vlaanderen","Aalst (Aalst)",50.9365397130001,4.01640053700004,"Op Kruispunt","Normaal","Droog","binnen bebouwde kom","Dag","Gewestweg","Met doden","personenauto","een weggebruiker tegen een hindernis","Weggebruiker tegen hindernis buiten rijbaan","Buiten de rijbaan: Omheining","10"
"223","2022","01","14",2022-01-01,2022-01-01 14:00:00,2023-12-12 14:00:00,"41002","Vlaams Gewest","Provincie Oost-Vlaanderen","Aalst (Aalst)",50.936048348,4.01528308400003,"Buiten Kruispunt","Mist (zichtbaarheid minder dan 100m)","Droog","binnen bebouwde kom","Dag","Gewestweg","Met doden","personenauto","een weggebruiker tegen een hindernis","Weggebruiker tegen hindernis buiten rijbaan","Buiten de rijbaan: Verkeerseiland, middenberm","14"
"224","2017","12","07",2017-12-01,2017-12-01 07:00:00,2023-12-12 07:00:00,"36011","Vlaams Gewest","Provincie West-Vlaanderen","Lichtervelde",51.0658341480001,3.15537441600003,"Buiten Kruispunt","Regenval","Nat, plassen","buiten bebouwde kom","Nacht, geen openbare verlichting aanwezig","Autosnelweg","dodelijk gewonden","personenauto","een weggebruiker tegen een hindernis","Weggebruiker tegen hindernis buiten rijbaan","Buiten de rijbaan: Gracht","07"
"225","2019","02","12",2019-02-01,2019-02-01 12:00:00,2023-12-12 12:00:00,"31033","Vlaams Gewest","Provincie West-Vlaanderen","Torhout",51.0675909450001,3.15475945600002,"Buiten Kruispunt","Normaal","Droog","buiten bebouwde kom","Dag","Autosnelweg","Met doden","Motorfiets","personenauto","Tussen 2 bestuurders: Langs achteren","Geen hindernis","12"
"226","2022","07","01",2022-07-01,2022-07-01 01:00:00,2023-12-12 01:00:00,"31033","Vlaams Gewest","Provincie West-Vlaanderen","Torhout",51.069341389,3.15414689300008,"Buiten Kruispunt","Normaal","Droog","buiten bebouwde kom","Nacht, geen openbare verlichting aanwezig","Autosnelweg","Met doden","Vrachtwagen","Motorfiets","Tussen 2 bestuurders: Langs achteren","Geen hindernis","01"
"227","2017","12","10",2017-12-01,2017-12-01 10:00:00,2023-12-12 10:00:00,"63079","Waals Gewest","Provincie Luik","Verviers",50.5963078980001,5.85165884600002,"Buiten Kruispunt","Regenval","Nat, plassen","binnen bebouwde kom","Dag","Gewestweg","dodelijk gewonden","personenauto","Voetganger","Met een voetganger","Geen hindernis","10"
"228","2022","08","04",2022-08-01,2022-08-01 04:00:00,2023-12-12 04:00:00,"63020","Waals Gewest","Provincie Luik","Dison",50.6001612330001,5.85233368600007,"Buiten Kruispunt","Normaal","Proper","binnen bebouwde kom","Nacht, openbare verlichting aanwezig en ontstoken","Gewestweg","Met doden","Bromfiets","één bestuurder, geen hindernis","Eén bestuurder, geen hindernis (incl. val)","Geen hindernis","04"
"229","2017","12","17",2017-12-01,2017-12-01 17:00:00,2023-12-12 17:00:00,"21004","Brussels Hoofdstedelijk Gewest",NA,"Brussel",50.867418829,4.35963135700007,"Buiten Kruispunt","Normaal","Droog","binnen bebouwde kom","Nacht, openbare verlichting aanwezig en ontstoken","Gemeenteweg","dodelijk gewonden","Lichte vrachtauto","Voetganger","Met een voetganger","Geen hindernis","17"
"230","2017","12","20",2017-12-01,2017-12-01 20:00:00,2023-12-12 20:00:00,"21004","Brussels Hoofdstedelijk Gewest",NA,"Brussel",50.8676011260001,4.35735762100006,"Op Kruispunt","Regenval","Nat, plassen","binnen bebouwde kom","Nacht, openbare verlichting aanwezig en ontstoken","Gewestweg","Met doden","Motorfiets","personenauto","Tussen 2 bestuurders: Langs achteren","Geen hindernis","20"
"231","2017","12","10",2017-12-01,2017-12-01 10:00:00,2023-12-12 10:00:00,"23002","Vlaams Gewest","Provincie Vlaams-Brabant","Asse",50.9102888260001,4.19415783600004,"Buiten Kruispunt","Regenval","Nat, plassen","binnen bebouwde kom","Dag","Gewestweg","Met doden","Vrachtwagen","Voetganger","Met een voetganger","Geen hindernis","10"
"232","2020","01","13",2020-01-01,2020-01-01 13:00:00,2023-12-12 13:00:00,"23002","Vlaams Gewest","Provincie Vlaams-Brabant","Asse",50.9103652370001,4.19420753800006,"Op Kruispunt","Normaal","Droog","binnen bebouwde kom","Dag","Gewestweg","Met doden","Vrachtwagen","Voetganger","Met een voetganger","Geen hindernis","13"
"233","2017","12","09",2017-12-01,2017-12-01 09:00:00,2023-12-12 09:00:00,"31003","Vlaams Gewest","Provincie West-Vlaanderen","Beernem",51.113788303,3.35582203200005,"Buiten Kruispunt","Onbekend","Onbekend","buiten bebouwde kom","Dag","Gemeenteweg","Met doden","Fiets","Lichte vrachtauto","Tussen 2 bestuurders: Langs achteren","Geen hindernis","09"
"234","2022","07","06",2022-07-01,2022-07-01 06:00:00,2023-12-12 06:00:00,"31003","Vlaams Gewest","Provincie West-Vlaanderen","Beernem",51.1139134850001,3.35014604700007,"Buiten Kruispunt","Normaal","Proper","buiten bebouwde kom","Dag","Autosnelweg","Met doden","personenauto","een weggebruiker tegen een hindernis","Weggebruiker tegen hindernis buiten rijbaan","Buiten de rijbaan: Andere paal","06"
"235","2022","12","18",2022-12-01,2022-12-01 18:00:00,2023-12-12 18:00:00,"44084","Vlaams Gewest","Provincie Oost-Vlaanderen","Aalter",51.1107544600001,3.36036820700002,"Buiten Kruispunt","Regenval","Ijzel, sneeuw","buiten bebouwde kom","Nacht, openb. verlicht. aanw., maar niet ontstoken","Autosnelweg","Met doden","personenauto","personenauto","Tussen 2 bestuurders: Flank tegen flank","Geen hindernis","18"
"236","2018","01","17",2018-01-01,2018-01-01 17:00:00,2023-12-12 17:00:00,"58001","Waals Gewest","Provincie Henegouwen","La Louvière",50.5231192900001,4.19156943900003,"Buiten Kruispunt","Normaal","Droog+Proper","buiten bebouwde kom","Nacht, openbare verlichting aanwezig en ontstoken","Autosnelweg","Met doden","Lichte vrachtauto","een weggebruiker tegen een hindernis","Weggebruiker tegen hindernis buiten rijbaan","Buiten de rijbaan: Boom","17"
"237","2021","07","08",2021-07-01,2021-07-01 08:00:00,2023-12-12 08:00:00,"55085","Waals Gewest","Provincie Henegouwen","Seneffe",50.523041511,4.19720611000002,"Buiten Kruispunt","Normaal","Droog+Proper","buiten bebouwde kom","Dag","Autosnelweg","Met doden","personenauto","personenauto","Tss. 2 best.: langs opzij (voor-/achterkant-flank)","Geen hindernis","08"
"238","2018","01","10",2018-01-01,2018-01-01 10:00:00,2023-12-12 10:00:00,"25037","Waals Gewest","Provincie Waals-Brabant","Graven",50.7408882390001,4.73463341500008,"Buiten Kruispunt","Sterke wind, rukwind","Nat, plassen+Vuil (zand, grint, bladeren,...)","buiten bebouwde kom","Dag","Gewestweg","Met doden","personenauto","een weggebruiker tegen een hindernis","Weggebruiker tegen hindernis op de rijbaan","Op de rijbaan: Lading","10"
"239","2021","01","08",2021-01-01,2021-01-01 08:00:00,2023-12-12 08:00:00,"25037","Waals Gewest","Provincie Waals-Brabant","Graven",50.7418886670001,4.73713558300005,"Op Kruispunt","Regenval","Nat, plassen+Proper","buiten bebouwde kom","Dageraad - schemering","Gewestweg","Met doden","personenauto","een weggebruiker tegen een hindernis","Weggebruiker tegen hindernis buiten rijbaan","Andere hindernis","08"
"240","2018","01","19",2018-01-01,2018-01-01 19:00:00,2023-12-12 19:00:00,"61012","Waals Gewest","Provincie Luik","Clavier",50.410569767,5.34277352600003,"Buiten Kruispunt","Normaal","Proper","buiten bebouwde kom","Nacht, openbare verlichting aanwezig en ontstoken","Gewestweg","Met doden","personenauto","een weggebruiker tegen een hindernis","Weggebruiker tegen hindernis buiten rijbaan","Buiten de rijbaan: Verkeerseiland, middenberm","19"
"241","2020","02","07",2020-02-01,2020-02-01 07:00:00,2023-12-12 07:00:00,"61012","Waals Gewest","Provincie Luik","Clavier",50.4143677930001,5.34331010100004,"Buiten Kruispunt","Normaal","Nat, plassen+Proper","buiten bebouwde kom","Dag","Gewestweg","Met doden","personenauto","een weggebruiker tegen een hindernis","Weggebruiker tegen hindernis buiten rijbaan","Buiten de rijbaan: Verlichtingspaal","07"
"242","2018","01","17",2018-01-01,2018-01-01 17:00:00,2023-12-12 17:00:00,"51004","Waals Gewest","Provincie Henegouwen","Aat",50.6185534730001,3.70687320700006,"Op Kruispunt","Normaal","Proper","buiten bebouwde kom","Onbekend","Gewestweg","Met doden","personenauto","personenauto","Tss. 2 best.: langs opzij (voor-/achterkant-flank)","Geen hindernis","17"
"243","2021","09","21",2021-09-01,2021-09-01 21:00:00,2023-12-12 21:00:00,"51004","Waals Gewest","Provincie Henegouwen","Aat",50.6185719860001,3.70666345300003,"Op Kruispunt","Normaal","Droog+Proper","buiten bebouwde kom","Nacht, openbare verlichting aanwezig en ontstoken","Gewestweg","Met doden","personenauto","personenauto","Tss. 2 best.: langs opzij (voor-/achterkant-flank)","Geen hindernis","21"
"244","2018","01","13",2018-01-01,2018-01-01 13:00:00,2023-12-12 13:00:00,"72043","Vlaams Gewest","Provincie Limburg","Pelt",51.207422713,5.42765270600006,"Op Kruispunt","Normaal","Droog","buiten bebouwde kom","Dag","Gewestweg","Met doden","Lichte vrachtauto","Fiets","Tussen 2 bestuurders: Frontale botsing","Geen hindernis","13"
"245","2021","07","17",2021-07-01,2021-07-01 17:00:00,2023-12-12 17:00:00,"72043","Vlaams Gewest","Provincie Limburg","Pelt",51.211908953,5.42772867500003,"Buiten Kruispunt","Normaal","Droog","binnen bebouwde kom","Dag","Gemeenteweg","Met doden","personenauto","Voetganger","Met een voetganger","Geen hindernis","17"
"246","2018","01","10",2018-01-01,2018-01-01 10:00:00,2023-12-12 10:00:00,"72039","Vlaams Gewest","Provincie Limburg","Houthalen-Helchteren",51.04460807,5.38006067200007,"Op Kruispunt","Normaal","Droog","buiten bebouwde kom","Dag","Gewestweg","dodelijk gewonden","personenauto","personenauto","Tss. 2 best.: langs opzij (voor-/achterkant-flank)","Geen hindernis","10"
"247","2022","12","10",2022-12-01,2022-12-01 10:00:00,2023-12-12 10:00:00,"72039","Vlaams Gewest","Provincie Limburg","Houthalen-Helchteren",51.044614665,5.38008023300006,"Op Kruispunt","Normaal","Droog","buiten bebouwde kom","Dag","Gewestweg","Met doden","personenauto","een weggebruiker tegen een hindernis","Weggebruiker tegen hindernis buiten rijbaan","Buiten de rijbaan: Andere paal","10"
"248","2018","02","07",2018-02-01,2018-02-01 07:00:00,2023-12-12 07:00:00,"84075","Waals Gewest","Provincie Luxemburg","Wellin",50.094977639,5.13281802100005,"Buiten Kruispunt","Normaal","Droog","buiten bebouwde kom","Dag","Autosnelweg","Met doden","personenauto","een weggebruiker tegen een hindernis","Weggebruiker tegen hindernis buiten rijbaan","Buiten de rijbaan: Andere paal","07"
"249","2019","11","17",2019-11-01,2019-11-01 17:00:00,2023-12-12 17:00:00,"91114","Waals Gewest","Provincie Namen","Rochefort",50.0976998370001,5.12727960800004,"Buiten Kruispunt","Normaal","Nat, plassen","buiten bebouwde kom","Dageraad - schemering","Autosnelweg","Met doden","personenauto","een weggebruiker tegen een hindernis","Weggebruiker tegen hindernis buiten rijbaan","Buiten de rijbaan: Vangrails overschreden","17"
"250","2018","02","11",2018-02-01,2018-02-01 11:00:00,2023-12-12 11:00:00,"62003","Waals Gewest","Provincie Luik","Ans",50.6612292550001,5.48665994700002,"Buiten Kruispunt","Normaal","Droog","buiten bebouwde kom","Dag","Autosnelweg","Met doden","Vrachtwagen","personenauto","Kettingbotsing (3 bestuurders of meer)","Geen hindernis","11"
"251","2019","07","01",2019-07-01,2019-07-01 01:00:00,2023-12-12 01:00:00,"62118","Waals Gewest","Provincie Luik","Grâce-Hollogne",50.658565036,5.48721396600007,"Buiten Kruispunt","Normaal","Droog","buiten bebouwde kom","Nacht, openbare verlichting aanwezig en ontstoken","Autosnelweg","Met doden","personenauto","personenauto","Tussen 2 bestuurders: Frontale botsing","Geen hindernis","01"
"252","2018","02","21",2018-02-01,2018-02-01 21:00:00,2023-12-12 21:00:00,"52012","Waals Gewest","Provincie Henegouwen","Châtelet",50.4016997620001,4.51050850500008,"Buiten Kruispunt","Sneeuwval","Ijzel, sneeuw","binnen bebouwde kom","Nacht, openbare verlichting aanwezig en ontstoken","Gewestweg","Met doden","Motorfiets","personenauto","Tussen 2 bestuurders: Langs achteren","Geen hindernis","21"
"253","2022","08","01",2022-08-01,2022-08-01 01:00:00,2023-12-12 01:00:00,"52012","Waals Gewest","Provincie Henegouwen","Châtelet",50.4024606290001,4.51314989600007,"Op Kruispunt","Normaal","Droog","binnen bebouwde kom","Nacht, openbare verlichting aanwezig en ontstoken","Gewestweg","Met doden","personenauto","een weggebruiker tegen een hindernis","Weggebruiker tegen hindernis op de rijbaan","Op de rijbaan: Verkeersdrempel, ezelsrug","01"
"254","2018","02","09",2018-02-01,2018-02-01 09:00:00,2023-12-12 09:00:00,"44021","Vlaams Gewest","Provincie Oost-Vlaanderen","Gent",51.0822310340001,3.79093949900005,"Op Kruispunt","Normaal","Droog","binnen bebouwde kom","Dag","Gewestweg","Met doden","personenauto","Fiets","Tss. 2 best.: langs opzij (voor-/achterkant-flank)","Geen hindernis","09"
"255","2021","10","12",2021-10-01,2021-10-01 12:00:00,2023-12-12 12:00:00,"44021","Vlaams Gewest","Provincie Oost-Vlaanderen","Gent",51.0829956410001,3.79041070000005,"Buiten Kruispunt","Normaal","Droog+Proper","buiten bebouwde kom","Dag","Autosnelweg","Met doden","Lichte vrachtauto","Vrachtwagen","Tussen 2 bestuurders: Langs achteren","Geen hindernis","12"
"256","2022","09","14",2022-09-01,2022-09-01 14:00:00,2023-12-12 14:00:00,"44021","Vlaams Gewest","Provincie Oost-Vlaanderen","Gent",51.0835483750001,3.79411893000003,"Op Kruispunt","Normaal","Droog","buiten bebouwde kom","Dag","Gewestweg","Met doden","Vrachtwagen","Fiets","Tss. 2 best.: langs opzij (voor-/achterkant-flank)","Geen hindernis","14"
"257","2018","03","06",2018-03-01,2018-03-01 06:00:00,2023-12-12 06:00:00,"25112","Waals Gewest","Provincie Waals-Brabant","Waver",50.7039441090001,4.63612353600007,"Buiten Kruispunt","Normaal","Droog","buiten bebouwde kom","Dageraad - schemering","Gewestweg","Met doden","personenauto","een weggebruiker tegen een hindernis","Weggebruiker tegen hindernis buiten rijbaan","Buiten de rijbaan: Vangrails overschreden","06"
"258","2021","09","05",2021-09-01,2021-09-01 05:00:00,2023-12-12 05:00:00,"25112","Waals Gewest","Provincie Waals-Brabant","Waver",50.7068848210001,4.63814419500005,"Buiten Kruispunt","Normaal","Proper","buiten bebouwde kom","Nacht, openbare verlichting aanwezig en ontstoken","Gewestweg","Met doden","personenauto","een weggebruiker tegen een hindernis","Weggebruiker tegen hindernis buiten rijbaan","Buiten de rijbaan: Andere paal","05"
"259","2018","03","13",2018-03-01,2018-03-01 13:00:00,2023-12-12 13:00:00,"93088","Waals Gewest","Provincie Namen","Walcourt",50.2203259520001,4.51321510300005,"Buiten Kruispunt","Normaal","Droog","buiten bebouwde kom","Dag","Gewestweg","Met doden","Vrachtwagen","een weggebruiker tegen een hindernis","Weggebruiker tegen hindernis buiten rijbaan","Buiten de rijbaan: Verlichtingspaal","13"
"260","2022","01","18",2022-01-01,2022-01-01 18:00:00,2023-12-12 18:00:00,"93056","Waals Gewest","Provincie Namen","Philippeville",50.2194816140001,4.51373210100007,"Buiten Kruispunt","Normaal","Droog","buiten bebouwde kom","Nacht, openbare verlichting aanwezig en ontstoken","Gewestweg","dodelijk gewonden","personenauto","personenauto","Tussen 2 bestuurders: Langs achteren","Geen hindernis","18"
"261","2018","03","18",2018-03-01,2018-03-01 18:00:00,2023-12-12 18:00:00,"21009","Brussels Hoofdstedelijk Gewest",NA,"Elsene",50.823768693,4.37379034800006,"Op Kruispunt","Normaal","Droog","binnen bebouwde kom","Dag","Gemeenteweg","dodelijk gewonden","onbekend","onbekend","Andere of onbekend","Geen vermelding van de aanwezigheid van een hindernis","18"
"262","2019","02","18",2019-02-01,2019-02-01 18:00:00,2023-12-12 18:00:00,"21009","Brussels Hoofdstedelijk Gewest",NA,"Elsene",50.8277310240001,4.37143455000006,"Op Kruispunt","Normaal","Proper","binnen bebouwde kom","Dag","Gemeenteweg","Met doden","Autobus","Voetganger","Met een voetganger","Geen hindernis","18"
"263","2018","03","11",2018-03-01,2018-03-01 11:00:00,2023-12-12 11:00:00,"11002","Vlaams Gewest","Provincie Antwerpen","Antwerpen",51.207014461,4.40375184300007,"Op Kruispunt","Onbekend","Onbekend","onbekend","Dag","Gemeenteweg","dodelijk gewonden","Fiets","Andere weggebruiker","Tss. 2 best.: langs opzij (voor-/achterkant-flank)","Geen hindernis","11"
"264","2019","02","17",2019-02-01,2019-02-01 17:00:00,2023-12-12 17:00:00,"11002","Vlaams Gewest","Provincie Antwerpen","Antwerpen",51.2096486500001,4.40418064100004,"Buiten Kruispunt","Regenval","Nat, plassen","binnen bebouwde kom","Nacht, openbare verlichting aanwezig en ontstoken","Gewestweg","dodelijk gewonden","personenauto","Voetganger","Met een voetganger","Geen hindernis","17"