"","DT_YEAR_COLLISION","DT_MONTH_COLLISION","DT_TIME","YEAR_MONTH_DAY","YEAR_MONTH_DAY_HOUR","TIME_DT","CD_NIS","TX_RGN_COLLISION_NL","TX_PROV_COLLISION_NL","TX_MUNTY_COLLISION_NL","LAT_WGS84","LONG_WGS84","TX_CROSSWAY_NL","TX_WEATHER_NL","TX_ROAD_CONDITION_NL","TX_BUILD_UP_AREA_NL","TX_LIGHT_CONDITION_NL","CD_ROAD_TYPE_NL","TX_CLASS_ACCIDENTS_NL","TX_ROAD_USR_TYPE1_NL","TX_ROAD_USR_TYPE2_NL","TX_COLLISION_TYPE_NL","TX_OBSTACLES_NL","HOUR"
"265","2018","03","01",2018-03-01,2018-03-01 01:00:00,2023-12-12 01:00:00,"24062","Vlaams Gewest","Provincie Vlaams-Brabant","Leuven",50.8896429660001,4.69913982400004,"Buiten Kruispunt","Normaal","Droog","buiten bebouwde kom","Nacht, openbare verlichting aanwezig en ontstoken","Gewestweg","Met doden","personenauto","een weggebruiker tegen een hindernis","Weggebruiker tegen hindernis buiten rijbaan","Buiten de rijbaan: Boom","01"
"266","2022","10","09",2022-10-01,2022-10-01 09:00:00,2023-12-12 09:00:00,"24062","Vlaams Gewest","Provincie Vlaams-Brabant","Leuven",50.886022192,4.69719456400003,"Buiten Kruispunt","Normaal","Droog","buiten bebouwde kom","Dag","Gemeenteweg","dodelijk gewonden","personenauto","een weggebruiker tegen een hindernis","Weggebruiker tegen hindernis buiten rijbaan","Andere hindernis","09"
"267","2018","03","06",2018-03-01,2018-03-01 06:00:00,2023-12-12 06:00:00,"34025","Vlaams Gewest","Provincie West-Vlaanderen","Lendelede",50.8822806270001,3.26365447000006,"Op Kruispunt","Regenval","Nat, plassen","buiten bebouwde kom","Dageraad - schemering","Gewestweg","Met doden","personenauto","Lichte vrachtauto","Tussen 2 bestuurders: Langs achteren","Geen hindernis","06"
"268","2019","06","21",2019-06-01,2019-06-01 21:00:00,2023-12-12 21:00:00,"34025","Vlaams Gewest","Provincie West-Vlaanderen","Lendelede",50.885194723,3.25836443500003,"Buiten Kruispunt","Normaal","Droog","buiten bebouwde kom","Dag","Gewestweg","Met doden","personenauto","Motorfiets","Tussen 2 bestuurders: Flank tegen flank","Geen hindernis","21"
"269","2018","03","15",2018-03-01,2018-03-01 15:00:00,2023-12-12 15:00:00,"11002","Vlaams Gewest","Provincie Antwerpen","Antwerpen",51.32071898,4.34724492700008,"Op Kruispunt","Normaal","Droog","buiten bebouwde kom","Dag","Gemeenteweg","dodelijk gewonden","Motorfiets","Vrachtwagen","Tss. 2 best.: langs opzij (voor-/achterkant-flank)","Geen hindernis","15"
"270","2019","01","19",2019-01-01,2019-01-01 19:00:00,2023-12-12 19:00:00,"11044","Vlaams Gewest","Provincie Antwerpen","Stabroek",51.3218816520001,4.35064557300007,"Buiten Kruispunt","Normaal","Droog","buiten bebouwde kom","Dageraad - schemering","Autosnelweg","Met doden","personenauto","Lichte vrachtauto","Kettingbotsing (3 bestuurders of meer)","Geen hindernis","19"
"271","2019","06","12",2019-06-01,2019-06-01 12:00:00,2023-12-12 12:00:00,"11044","Vlaams Gewest","Provincie Antwerpen","Stabroek",51.3219409880001,4.35145142500005,"Buiten Kruispunt","Normaal","Droog","buiten bebouwde kom","Dag","Autosnelweg","Met doden","Vrachtwagen","personenauto","Kettingbotsing (3 bestuurders of meer)","Geen hindernis","12"
"272","2018","04","20",2018-04-01,2018-04-01 20:00:00,2023-12-12 20:00:00,"52021","Waals Gewest","Provincie Henegouwen","Fleurus",50.470078372,4.53617290400007,"Buiten Kruispunt","Normaal","Proper","buiten bebouwde kom","Dag","Autosnelweg","Met doden","personenauto","Vrachtwagen","Tussen 2 bestuurders: Langs achteren","Geen hindernis","20"
"273","2018","11","23",2018-11-01,2018-11-01 23:00:00,2023-12-12 23:00:00,"52021","Waals Gewest","Provincie Henegouwen","Fleurus",50.469735648,4.53342267400006,"Buiten Kruispunt","Mist (zichtbaarheid minder dan 100m)","Droog+Proper","buiten bebouwde kom","Nacht, openbare verlichting aanwezig en ontstoken","Autosnelweg","Met doden","personenauto","een weggebruiker tegen een hindernis","Weggebruiker tegen hindernis buiten rijbaan","Buiten de rijbaan: Vangrails overschreden","23"
"274","2019","05","08",2019-05-01,2019-05-01 08:00:00,2023-12-12 08:00:00,"52021","Waals Gewest","Provincie Henegouwen","Fleurus",50.4695782360001,4.53204343100003,"Buiten Kruispunt","Normaal","Proper","buiten bebouwde kom","Dag","Autosnelweg","Met doden","personenauto","een weggebruiker tegen een hindernis","Weggebruiker tegen hindernis buiten rijbaan","Buiten de rijbaan: Vangrails overschreden","08"
"275","2018","04","15",2018-04-01,2018-04-01 15:00:00,2023-12-12 15:00:00,"52011","Waals Gewest","Provincie Henegouwen","Charleroi",50.385298344,4.48181494500005,"Buiten Kruispunt","Normaal","Proper","buiten bebouwde kom","Dag","Autosnelweg","Met doden","Lichte vrachtauto","een weggebruiker tegen een hindernis","Weggebruiker tegen hindernis buiten rijbaan","Buiten de rijbaan: Vangrails overschreden","15"
"276","2019","05","04",2019-05-01,2019-05-01 04:00:00,2023-12-12 04:00:00,"52011","Waals Gewest","Provincie Henegouwen","Charleroi",50.384854073,4.48060072400006,"Buiten Kruispunt","Regenval","Proper","buiten bebouwde kom","Nacht, openbare verlichting aanwezig en ontstoken","Autosnelweg","Met doden","personenauto","een weggebruiker tegen een hindernis","Weggebruiker tegen hindernis buiten rijbaan","Buiten de rijbaan: Muur gebouw","04"
"277","2018","04","05",2018-04-01,2018-04-01 05:00:00,2023-12-12 05:00:00,"92140","Waals Gewest","Provincie Namen","Jemeppe-sur-Sambre",50.494327023,4.65016149800005,"Buiten Kruispunt","Normaal","Proper","buiten bebouwde kom","Dageraad - schemering","Autosnelweg","Met doden","personenauto","een weggebruiker tegen een hindernis","Weggebruiker tegen hindernis buiten rijbaan","Buiten de rijbaan: Boom","05"
"278","2019","12","02",2019-12-01,2019-12-01 02:00:00,2023-12-12 02:00:00,"92140","Waals Gewest","Provincie Namen","Jemeppe-sur-Sambre",50.4943092780001,4.64592597600006,"Buiten Kruispunt","Normaal","Droog","buiten bebouwde kom","Nacht, openbare verlichting aanwezig en ontstoken","Autosnelweg","Met doden","personenauto","Voetganger","Met een voetganger","Geen hindernis","02"
"279","2018","04","16",2018-04-01,2018-04-01 16:00:00,2023-12-12 16:00:00,"62108","Waals Gewest","Provincie Luik","Wezet",50.7409233110001,5.69177417900005,"Buiten Kruispunt","Normaal","Droog","buiten bebouwde kom","Dag","Autosnelweg","Met doden","personenauto","Vrachtwagen","Tussen 2 bestuurders: Frontale botsing","Geen hindernis","16"
"280","2020","02","13",2020-02-01,2020-02-01 13:00:00,2023-12-12 13:00:00,"62108","Waals Gewest","Provincie Luik","Wezet",50.737588659,5.69294166100002,"Buiten Kruispunt","Normaal","Proper","binnen bebouwde kom","Dag","Gewestweg","Met doden","personenauto","Voetganger","Met een voetganger","Geen hindernis","13"
"281","2018","04","20",2018-04-01,2018-04-01 20:00:00,2023-12-12 20:00:00,"62063","Waals Gewest","Provincie Luik","Luik",50.6462749020001,5.59547334900003,"Buiten Kruispunt","Normaal","Droog","binnen bebouwde kom","Nacht, openbare verlichting aanwezig en ontstoken","Gewestweg","dodelijk gewonden","personenauto","Voetganger","Met een voetganger","Geen hindernis","20"
"282","2018","12","17",2018-12-01,2018-12-01 17:00:00,2023-12-12 17:00:00,"62063","Waals Gewest","Provincie Luik","Luik",50.6435043370001,5.59327277400007,"Buiten Kruispunt","Normaal","Droog","binnen bebouwde kom","Nacht, openbare verlichting aanwezig en ontstoken","Gewestweg","dodelijk gewonden","personenauto","personenauto","Tussen 2 bestuurders: Langs achteren","Geen hindernis","17"
"283","2021","04","16",2021-04-01,2021-04-01 16:00:00,2023-12-12 16:00:00,"62063","Waals Gewest","Provincie Luik","Luik",50.644951883,5.60164898500005,"Buiten Kruispunt","Onbekend","Onbekend","binnen bebouwde kom","Dag","Gemeenteweg","Met doden","personenauto","personenauto","Tss. 2 best.: langs opzij (voor-/achterkant-flank)","Geen hindernis","16"
"284","2018","04","12",2018-04-01,2018-04-01 12:00:00,2023-12-12 12:00:00,"62011","Waals Gewest","Provincie Luik","Bitsingen",50.7571263390001,5.61140152600007,"Buiten Kruispunt","Normaal","Droog","binnen bebouwde kom","Dag","Gewestweg","Met doden","personenauto","een weggebruiker tegen een hindernis","Weggebruiker tegen hindernis buiten rijbaan","Buiten de rijbaan: Muur gebouw","12"
"285","2022","08","07",2022-08-01,2022-08-01 07:00:00,2023-12-12 07:00:00,"62011","Waals Gewest","Provincie Luik","Bitsingen",50.7590592430001,5.61037374800003,"Buiten Kruispunt","Normaal","Droog","binnen bebouwde kom","Dag","onbekend","dodelijk gewonden","Vrachtwagen","Fiets","Tss. 2 best.: langs opzij (voor-/achterkant-flank)","Geen hindernis","07"
"286","2018","04","20",2018-04-01,2018-04-01 20:00:00,2023-12-12 20:00:00,"63013","Waals Gewest","Provincie Luik","Bütgenbach",50.4062902490001,6.23518984700007,"Op Kruispunt","Normaal","Droog+Proper","buiten bebouwde kom","Dag","Gewestweg","dodelijk gewonden","personenauto","een weggebruiker tegen een hindernis","Weggebruiker tegen hindernis buiten rijbaan","Buiten de rijbaan: Verlichtingspaal","20"
"287","2022","06","18",2022-06-01,2022-06-01 18:00:00,2023-12-12 18:00:00,"63012","Waals Gewest","Provincie Luik","Büllingen",50.4061651390001,6.23798276600007,"Buiten Kruispunt","Normaal","Droog","buiten bebouwde kom","Dageraad - schemering","Gewestweg","dodelijk gewonden","personenauto","personenauto","Tussen 2 bestuurders: Frontale botsing","Geen hindernis","18"
"288","2018","04","18",2018-04-01,2018-04-01 18:00:00,2023-12-12 18:00:00,"21019","Brussels Hoofdstedelijk Gewest",NA,"Sint-Pieters-Woluwe",50.827016551,4.44534418700005,"Op Kruispunt","Normaal","Proper","binnen bebouwde kom","Dag","Gewestweg","Met doden","Motorfiets","een weggebruiker tegen een hindernis","Weggebruiker tegen hindernis buiten rijbaan","Buiten de rijbaan: Muur gebouw","18"
"289","2020","06","23",2020-06-01,2020-06-01 23:00:00,2023-12-12 23:00:00,"21019","Brussels Hoofdstedelijk Gewest",NA,"Sint-Pieters-Woluwe",50.82349301,4.44721377300004,"Op Kruispunt","Normaal","Droog","binnen bebouwde kom","Nacht, openbare verlichting aanwezig en ontstoken","Gewestweg","Met doden","Andere weggebruiker","Voetganger","Met een voetganger","Geen hindernis","23"
"290","2018","04","11",2018-04-01,2018-04-01 11:00:00,2023-12-12 11:00:00,"12021","Vlaams Gewest","Provincie Antwerpen","Lier",51.126205451,4.55521451300007,"Op Kruispunt","Normaal","Droog","binnen bebouwde kom","Dag","Gewestweg","dodelijk gewonden","Bromfiets","een weggebruiker tegen een hindernis","Weggebruiker tegen hindernis buiten rijbaan","Buiten de rijbaan: Verlichtingspaal","11"
"291","2020","03","09",2020-03-01,2020-03-01 09:00:00,2023-12-12 09:00:00,"12021","Vlaams Gewest","Provincie Antwerpen","Lier",51.125320043,4.55290453600003,"Op Kruispunt","Normaal","Droog","buiten bebouwde kom","Dag","Gewestweg","dodelijk gewonden","onbekend","onbekend","Andere of onbekend","Geen vermelding van de aanwezigheid van een hindernis","09"
"292","2018","04","15",2018-04-01,2018-04-01 15:00:00,2023-12-12 15:00:00,"71016","Vlaams Gewest","Provincie Limburg","Genk",51.0012068280001,5.50791327800005,"Buiten Kruispunt","Normaal","Proper","buiten bebouwde kom","Dag","Gewestweg","Met doden","Voetganger","Vrachtwagen","Met een voetganger","Geen hindernis","15"
"293","2019","12","15",2019-12-01,2019-12-01 15:00:00,2023-12-12 15:00:00,"71016","Vlaams Gewest","Provincie Limburg","Genk",50.9984709190001,5.51183058600003,"Op Kruispunt","Normaal","Droog","buiten bebouwde kom","Dag","Gewestweg","Met doden","personenauto","personenauto","Tss. 2 best.: langs opzij (voor-/achterkant-flank)","Geen hindernis","15"
"294","2018","05","11",2018-05-01,2018-05-01 11:00:00,2023-12-12 11:00:00,"12025","Vlaams Gewest","Provincie Antwerpen","Mechelen",51.0447019960001,4.45473024900002,"Buiten Kruispunt","Normaal","Droog","buiten bebouwde kom","Dag","Autosnelweg","Met doden","Vrachtwagen","personenauto","Tss. 2 best.: langs opzij (voor-/achterkant-flank)","Geen hindernis","11"
"295","2021","04","05",2021-04-01,2021-04-01 05:00:00,2023-12-12 05:00:00,"12025","Vlaams Gewest","Provincie Antwerpen","Mechelen",51.047413186,4.45446298400003,"Buiten Kruispunt","Sneeuwval","Ijzel, sneeuw","buiten bebouwde kom","Nacht, geen openbare verlichting aanwezig","Gewestweg","dodelijk gewonden","personenauto","personenauto","Kettingbotsing (3 bestuurders of meer)","Geen hindernis","05"
"296","2018","05","03",2018-05-01,2018-05-01 03:00:00,2023-12-12 03:00:00,"53053","Waals Gewest","Provincie Henegouwen","Bergen",50.452693948,3.90693396500006,"Buiten Kruispunt","Normaal","Nat, plassen","buiten bebouwde kom","Nacht, openbare verlichting aanwezig en ontstoken","Autosnelweg","Met doden","personenauto","personenauto","Tussen 2 bestuurders: Frontale botsing","Geen hindernis","03"
"297","2019","05","04",2019-05-01,2019-05-01 04:00:00,2023-12-12 04:00:00,"53053","Waals Gewest","Provincie Henegouwen","Bergen",50.4500249380001,3.91127235500005,"Op Kruispunt","Normaal","Droog","binnen bebouwde kom","Dageraad - schemering","Gewestweg","Met doden","personenauto","Motorfiets","Tss. 2 best.: langs opzij (voor-/achterkant-flank)","Geen hindernis","04"
"298","2018","05","06",2018-05-01,2018-05-01 06:00:00,2023-12-12 06:00:00,"12014","Vlaams Gewest","Provincie Antwerpen","Heist-op-den-Berg",51.0461978590001,4.77487824400003,"Buiten Kruispunt","Normaal","Droog","binnen bebouwde kom","Dag","Gemeenteweg","dodelijk gewonden","Andere weggebruiker","Voetganger","Met een voetganger","Geen hindernis","06"
"299","2022","08","10",2022-08-01,2022-08-01 10:00:00,2023-12-12 10:00:00,"12014","Vlaams Gewest","Provincie Antwerpen","Heist-op-den-Berg",51.0472192010001,4.77482281500005,"Buiten Kruispunt","Normaal","Droog","binnen bebouwde kom","Dag","Gemeenteweg","Met doden","Fiets","een weggebruiker tegen een hindernis","Weggebruiker tegen hindernis buiten rijbaan","Onbekend","10"
"300","2018","05","02",2018-05-01,2018-05-01 02:00:00,2023-12-12 02:00:00,"92048","Waals Gewest","Provincie Namen","Fosses-la-Ville",50.3913260510001,4.64967155700003,"Buiten Kruispunt","Normaal","Droog+Proper","buiten bebouwde kom","Nacht, openbare verlichting aanwezig en ontstoken","Gewestweg","Met doden","personenauto","een weggebruiker tegen een hindernis","Weggebruiker tegen hindernis buiten rijbaan","Buiten de rijbaan: Omheining","02"
"301","2021","04","00",2021-04-01,2021-04-01 00:00:00,2023-12-12 00:00:00,"92048","Waals Gewest","Provincie Namen","Fosses-la-Ville",50.3904046650001,4.64755534800003,"Buiten Kruispunt","Normaal","Proper","buiten bebouwde kom","Nacht, openbare verlichting aanwezig en ontstoken","Gewestweg","Met doden","personenauto","een weggebruiker tegen een hindernis","Weggebruiker tegen hindernis buiten rijbaan","Buiten de rijbaan: Omheining","00"
"302","2018","05","15",2018-05-01,2018-05-01 15:00:00,2023-12-12 15:00:00,"11039","Vlaams Gewest","Provincie Antwerpen","Schilde",51.244796826,4.59370772500006,"Buiten Kruispunt","Normaal","Droog","buiten bebouwde kom","Dag","Gewestweg","dodelijk gewonden","Bromfiets","een weggebruiker tegen een hindernis","Weggebruiker tegen hindernis buiten rijbaan","Buiten de rijbaan: Gracht","15"
"303","2020","10","13",2020-10-01,2020-10-01 13:00:00,2023-12-12 13:00:00,"11039","Vlaams Gewest","Provincie Antwerpen","Schilde",51.242639329,4.59126554600005,"Op Kruispunt","Normaal","Nat, plassen","binnen bebouwde kom","Dag","Gemeenteweg","dodelijk gewonden","personenauto","Fiets","Tss. 2 best.: langs opzij (voor-/achterkant-flank)","Geen hindernis","13"
"304","2018","05","20",2018-05-01,2018-05-01 20:00:00,2023-12-12 20:00:00,"41081","Vlaams Gewest","Provincie Oost-Vlaanderen","Zottegem",50.857034421,3.79090319800002,"Buiten Kruispunt","Normaal","Droog","buiten bebouwde kom","Dag","Gemeenteweg","dodelijk gewonden","Fiets","één bestuurder, geen hindernis","Eén bestuurder, geen hindernis (incl. val)","Geen hindernis","20"
"305","2020","07","06",2020-07-01,2020-07-01 06:00:00,2023-12-12 06:00:00,"41081","Vlaams Gewest","Provincie Oost-Vlaanderen","Zottegem",50.8579628620001,3.79248076200003,"Buiten Kruispunt","Normaal","Droog","binnen bebouwde kom","Dag","Gemeenteweg","dodelijk gewonden","personenauto","Andere weggebruiker","Tussen 2 bestuurders: Frontale botsing","Geen hindernis","06"
"306","2018","05","13",2018-05-01,2018-05-01 13:00:00,2023-12-12 13:00:00,"42028","Vlaams Gewest","Provincie Oost-Vlaanderen","Zele",51.071260948,4.03516768300005,"Op Kruispunt","Normaal","Droog","binnen bebouwde kom","Dag","Gemeenteweg","Met doden","Vrachtwagen","Fiets","Tussen 2 bestuurders: Frontale botsing","Geen hindernis","13"
"307","2021","09","09",2021-09-01,2021-09-01 09:00:00,2023-12-12 09:00:00,"42028","Vlaams Gewest","Provincie Oost-Vlaanderen","Zele",51.067606072,4.03683233500004,"Buiten Kruispunt","Normaal","Droog","binnen bebouwde kom","Dag","Gewestweg","dodelijk gewonden","personenauto","personenauto","Tussen 2 bestuurders: Langs achteren","Geen hindernis","09"
"308","2022","08","20",2022-08-01,2022-08-01 20:00:00,2023-12-12 20:00:00,"42028","Vlaams Gewest","Provincie Oost-Vlaanderen","Zele",51.0679470150001,4.03764885400005,"Buiten Kruispunt","Normaal","Droog","binnen bebouwde kom","Dag","Gewestweg","Met doden","Fiets","één bestuurder, geen hindernis","Eén bestuurder, geen hindernis (incl. val)","Geen hindernis","20"
"309","2018","06","23",2018-06-01,2018-06-01 23:00:00,2023-12-12 23:00:00,"11002","Vlaams Gewest","Provincie Antwerpen","Antwerpen",51.190949114,4.40900133400004,"Buiten Kruispunt","Normaal","Droog","buiten bebouwde kom","Nacht, openbare verlichting aanwezig en ontstoken","Autosnelweg","dodelijk gewonden","Lichte vrachtauto","Vrachtwagen","Tussen 2 bestuurders: Langs achteren","Geen hindernis","23"
"310","2020","06","18",2020-06-01,2020-06-01 18:00:00,2023-12-12 18:00:00,"11002","Vlaams Gewest","Provincie Antwerpen","Antwerpen",51.1907600660001,4.41038437700007,"Buiten Kruispunt","Normaal","Droog","buiten bebouwde kom","Dag","Autosnelweg","Met doden","personenauto","personenauto","Tussen 2 bestuurders: Langs achteren","Geen hindernis","18"
"311","2018","06","00",2018-06-01,2018-06-01 00:00:00,2023-12-12 00:00:00,"34027","Vlaams Gewest","Provincie West-Vlaanderen","Menen",50.8194177300001,3.14486395700004,"Buiten Kruispunt","Normaal","Droog","buiten bebouwde kom","Nacht, geen openbare verlichting aanwezig","Autosnelweg","Met doden","personenauto","Voetganger","Met een voetganger","Geen hindernis","00"
"312","2019","07","19",2019-07-01,2019-07-01 19:00:00,2023-12-12 19:00:00,"34027","Vlaams Gewest","Provincie West-Vlaanderen","Menen",50.8201995360001,3.14743643200006,"Buiten Kruispunt","Normaal","Droog","buiten bebouwde kom","Dag","Autosnelweg","Met doden","personenauto","personenauto","Tussen 2 bestuurders: Frontale botsing","Geen hindernis","19"
"313","2018","06","19",2018-06-01,2018-06-01 19:00:00,2023-12-12 19:00:00,"52012","Waals Gewest","Provincie Henegouwen","Châtelet",50.419545337,4.49819935400006,"Buiten Kruispunt","Normaal","Droog","buiten bebouwde kom","Dag","Autosnelweg","Met doden","Motorfiets","een weggebruiker tegen een hindernis","Weggebruiker tegen hindernis buiten rijbaan","Buiten de rijbaan: Gracht","19"
"314","2018","06","21",2018-06-01,2018-06-01 21:00:00,2023-12-12 21:00:00,"52012","Waals Gewest","Provincie Henegouwen","Châtelet",50.4201102960001,4.49736839500002,"Buiten Kruispunt","Normaal","Droog","buiten bebouwde kom","Dag","Autosnelweg","Met doden","personenauto","een weggebruiker tegen een hindernis","Weggebruiker tegen hindernis buiten rijbaan","Buiten de rijbaan: Vangrails niet overgestoken","21"
"315","2022","02","16",2022-02-01,2022-02-01 16:00:00,2023-12-12 16:00:00,"52011","Waals Gewest","Provincie Henegouwen","Charleroi",50.4212638590001,4.49527646100006,"Buiten Kruispunt","Normaal","Proper","buiten bebouwde kom","Dag","Gewestweg","dodelijk gewonden","personenauto","personenauto","Tussen 2 bestuurders: Langs achteren","Geen hindernis","16"
"316","2018","06","23",2018-06-01,2018-06-01 23:00:00,2023-12-12 23:00:00,"25123","Waals Gewest","Provincie Waals-Brabant","Rebecq",50.6919432060001,4.10656120000004,"Buiten Kruispunt","Normaal","Droog+Proper","buiten bebouwde kom","Nacht, openbare verlichting aanwezig en ontstoken","Gewestweg","Met doden","Lichte vrachtauto","een weggebruiker tegen een hindernis","Weggebruiker tegen hindernis buiten rijbaan","Buiten de rijbaan: Boom","23"
"317","2021","11","21",2021-11-01,2021-11-01 21:00:00,2023-12-12 21:00:00,"25123","Waals Gewest","Provincie Waals-Brabant","Rebecq",50.6915642920001,4.10429450000004,"Buiten Kruispunt","Normaal","Droog","binnen bebouwde kom","Nacht, openbare verlichting aanwezig en ontstoken","Gewestweg","Met doden","Motorfiets","Lichte vrachtauto","Tussen 2 bestuurders: Langs achteren","Geen hindernis","21"
"318","2018","06","23",2018-06-01,2018-06-01 23:00:00,2023-12-12 23:00:00,"92094","Waals Gewest","Provincie Namen","Namen",50.4585388560001,4.84922921500004,"Buiten Kruispunt","Normaal","Droog","binnen bebouwde kom","Nacht, openbare verlichting aanwezig en ontstoken","Gemeenteweg","dodelijk gewonden","personenauto","een weggebruiker tegen een hindernis","Weggebruiker tegen hindernis buiten rijbaan","Buiten de rijbaan: Boom","23"
"319","2018","07","20",2018-07-01,2018-07-01 20:00:00,2023-12-12 20:00:00,"92094","Waals Gewest","Provincie Namen","Namen",50.461185297,4.84355059100005,"Op Kruispunt","Normaal","Droog","binnen bebouwde kom","Dag","Gewestweg","Met doden","personenauto","Motorfiets","Tss. 2 best.: langs opzij (voor-/achterkant-flank)","Geen hindernis","20"
"320","2018","06","13",2018-06-01,2018-06-01 13:00:00,2023-12-12 13:00:00,"92003","Waals Gewest","Provincie Namen","Andenne",50.527283534,5.06010127500002,"Buiten Kruispunt","Normaal","Droog","buiten bebouwde kom","Dag","Gewestweg","Met doden","Motorfiets","een weggebruiker tegen een hindernis","Weggebruiker tegen hindernis buiten rijbaan","Buiten de rijbaan: Andere paal","13"
"321","2020","02","11",2020-02-01,2020-02-01 11:00:00,2023-12-12 11:00:00,"92003","Waals Gewest","Provincie Namen","Andenne",50.527985271,5.05927182100004,"Buiten Kruispunt","Normaal","Droog","buiten bebouwde kom","Dag","Gewestweg","Met doden","Motorfiets","een weggebruiker tegen een hindernis","Weggebruiker tegen hindernis buiten rijbaan","Buiten de rijbaan: Andere paal","11"
"322","2018","06","01",2018-06-01,2018-06-01 01:00:00,2023-12-12 01:00:00,"21004","Brussels Hoofdstedelijk Gewest",NA,"Brussel",50.8749154280001,4.36150607100006,"Op Kruispunt","Normaal","Droog","binnen bebouwde kom","Nacht, openbare verlichting aanwezig en ontstoken","Gewestweg","Met doden","personenauto","een weggebruiker tegen een hindernis","Weggebruiker tegen hindernis buiten rijbaan","Buiten de rijbaan: Vangrails overschreden","01"
"323","2018","10","11",2018-10-01,2018-10-01 11:00:00,2023-12-12 11:00:00,"21004","Brussels Hoofdstedelijk Gewest",NA,"Brussel",50.8722796750001,4.36069592600006,"Op Kruispunt","Normaal","Droog","binnen bebouwde kom","Dag","Gewestweg","Met doden","Vrachtwagen","Motorfiets","Tussen 2 bestuurders: Flank tegen flank","Geen hindernis","11"
"324","2018","06","18",2018-06-01,2018-06-01 18:00:00,2023-12-12 18:00:00,"71070","Vlaams Gewest","Provincie Limburg","Heusden-Zolder",51.0343113010001,5.33077764100005,"Op Kruispunt","Normaal","Droog","buiten bebouwde kom","Dag","Gemeenteweg","Met doden","Lichte vrachtauto","Fiets","Tss. 2 best.: langs opzij (voor-/achterkant-flank)","Geen hindernis","18"
"325","2020","09","11",2020-09-01,2020-09-01 11:00:00,2023-12-12 11:00:00,"71070","Vlaams Gewest","Provincie Limburg","Heusden-Zolder",51.0372819020001,5.33099314300006,"Op Kruispunt","Normaal","Droog","binnen bebouwde kom","Dag","Gewestweg","Met doden","personenauto","personenauto","Tss. 2 best.: langs opzij (voor-/achterkant-flank)","Geen hindernis","11"
"326","2018","06","09",2018-06-01,2018-06-01 09:00:00,2023-12-12 09:00:00,"43005","Vlaams Gewest","Provincie Oost-Vlaanderen","Eeklo",51.181931267,3.57338110600006,"Op Kruispunt","Normaal","Droog","binnen bebouwde kom","Dag","Gewestweg","Met doden","Fiets","Vrachtwagen","Tussen 2 bestuurders: Frontale botsing","Geen hindernis","09"
"327","2019","02","00",2019-02-01,2019-02-01 00:00:00,2023-12-12 00:00:00,"43005","Vlaams Gewest","Provincie Oost-Vlaanderen","Eeklo",51.1838359980001,3.56730785700006,"Buiten Kruispunt","Normaal","Droog","binnen bebouwde kom","Nacht, openbare verlichting aanwezig en ontstoken","Gewestweg","Met doden","personenauto","Voetganger","Met een voetganger","Geen hindernis","00"
"328","2018","06","05",2018-06-01,2018-06-01 05:00:00,2023-12-12 05:00:00,"31005","Vlaams Gewest","Provincie West-Vlaanderen","Brugge",51.217710772,3.21185937500007,"Op Kruispunt","Normaal","Droog","binnen bebouwde kom","Dag","Gemeenteweg","dodelijk gewonden","Vrachtwagen","Fiets","Tss. 2 best.: langs opzij (voor-/achterkant-flank)","Geen hindernis","05"
"329","2019","12","11",2019-12-01,2019-12-01 11:00:00,2023-12-12 11:00:00,"31005","Vlaams Gewest","Provincie West-Vlaanderen","Brugge",51.220467544,3.21566798300006,"Op Kruispunt","Normaal","Nat, plassen","binnen bebouwde kom","Dag","Gewestweg","dodelijk gewonden","Fiets","Vrachtwagen","Tussen 2 bestuurders: Frontale botsing","Geen hindernis","11"
"330","2018","07","13",2018-07-01,2018-07-01 13:00:00,2023-12-12 13:00:00,"12040","Vlaams Gewest","Provincie Antwerpen","Willebroek",51.0410643170001,4.33019422500007,"Op Kruispunt","Normaal","Droog","buiten bebouwde kom","Dag","Gemeenteweg","Met doden","Lichte vrachtauto","personenauto","Tss. 2 best.: langs opzij (voor-/achterkant-flank)","Geen hindernis","13"
"331","2019","07","10",2019-07-01,2019-07-01 10:00:00,2023-12-12 10:00:00,"12040","Vlaams Gewest","Provincie Antwerpen","Willebroek",51.03994664,4.32962542800004,"Buiten Kruispunt","Normaal","Droog","buiten bebouwde kom","Dag","Autosnelweg","Met doden","personenauto","Vrachtwagen","Kettingbotsing (3 bestuurders of meer)","Geen hindernis","10"