"","DT_YEAR_COLLISION","DT_MONTH_COLLISION","DT_TIME","YEAR_MONTH_DAY","YEAR_MONTH_DAY_HOUR","TIME_DT","CD_NIS","TX_RGN_COLLISION_NL","TX_PROV_COLLISION_NL","TX_MUNTY_COLLISION_NL","LAT_WGS84","LONG_WGS84","TX_CROSSWAY_NL","TX_WEATHER_NL","TX_ROAD_CONDITION_NL","TX_BUILD_UP_AREA_NL","TX_LIGHT_CONDITION_NL","CD_ROAD_TYPE_NL","TX_CLASS_ACCIDENTS_NL","TX_ROAD_USR_TYPE1_NL","TX_ROAD_USR_TYPE2_NL","TX_COLLISION_TYPE_NL","TX_OBSTACLES_NL","HOUR"
"462","2019","05","09",2019-05-01,2019-05-01 09:00:00,2023-12-12 09:00:00,"52015","Waals Gewest","Provincie Henegouwen","Courcelles",50.479237835,4.31207678200008,"Buiten Kruispunt","Normaal","Droog","buiten bebouwde kom","Dag","Autosnelweg","Met doden","Vrachtwagen","Vrachtwagen","Kettingbotsing (3 bestuurders of meer)","Geen hindernis","09"
"463","2021","10","10",2021-10-01,2021-10-01 10:00:00,2023-12-12 10:00:00,"52015","Waals Gewest","Provincie Henegouwen","Courcelles",50.4787371210001,4.30945990300006,"Op Kruispunt","Normaal","Proper","buiten bebouwde kom","Dag","Autosnelweg","Met doden","personenauto","een weggebruiker tegen een hindernis","Weggebruiker tegen hindernis buiten rijbaan","Buiten de rijbaan: Verkeerseiland, middenberm","10"
"464","2019","05","12",2019-05-01,2019-05-01 12:00:00,2023-12-12 12:00:00,"63046","Waals Gewest","Provincie Luik","Limburg",50.6494882330001,5.92842260100002,"Buiten Kruispunt","Normaal","Droog","buiten bebouwde kom","Dag","Autosnelweg","Met doden","personenauto","Lichte vrachtauto","Kettingbotsing (3 bestuurders of meer)","Geen hindernis","12"
"465","2019","06","15",2019-06-01,2019-06-01 15:00:00,2023-12-12 15:00:00,"63046","Waals Gewest","Provincie Luik","Limburg",50.649747167,5.93266176500003,"Buiten Kruispunt","Normaal","Droog+Proper","buiten bebouwde kom","Dag","Autosnelweg","Met doden","personenauto","Vrachtwagen","Tussen 2 bestuurders: Langs achteren","Geen hindernis","15"
"466","2019","05","20",2019-05-01,2019-05-01 20:00:00,2023-12-12 20:00:00,"62032","Waals Gewest","Provincie Luik","Esneux",50.543129428,5.59118880400007,"Buiten Kruispunt","Normaal","Nat, plassen","buiten bebouwde kom","Dag","Gewestweg","Met doden","personenauto","een weggebruiker tegen een hindernis","Weggebruiker tegen hindernis buiten rijbaan","Buiten de rijbaan: Verlichtingspaal","20"
"467","2019","03","19",2019-03-01,2019-03-01 19:00:00,2023-12-12 19:00:00,"92138","Waals Gewest","Provincie Namen","Fernelmont",50.5217143990001,4.98106252700006,"Buiten Kruispunt","Normaal","Droog","binnen bebouwde kom","Dageraad - schemering","Gewestweg","Met doden","personenauto","een weggebruiker tegen een hindernis","Weggebruiker tegen hindernis buiten rijbaan","Buiten de rijbaan: Muur gebouw","19"
"468","2019","04","15",2019-04-01,2019-04-01 15:00:00,2023-12-12 15:00:00,"92138","Waals Gewest","Provincie Namen","Fernelmont",50.523752953,4.97954101800002,"Op Kruispunt","Normaal","Proper","binnen bebouwde kom","Dag","Gewestweg","Met doden","personenauto","Motorfiets","Tss. 2 best.: langs opzij (voor-/achterkant-flank)","Geen hindernis","15"
"469","2019","04","23",2019-04-01,2019-04-01 23:00:00,2023-12-12 23:00:00,"91034","Waals Gewest","Provincie Namen","Dinant",50.2463971820001,4.93347129300003,"Buiten Kruispunt","Normaal","Nat, plassen+Proper","binnen bebouwde kom","Nacht, openbare verlichting aanwezig en ontstoken","Gewestweg","Met doden","personenauto","een weggebruiker tegen een hindernis","Weggebruiker tegen hindernis buiten rijbaan","Buiten de rijbaan: Gracht","23"
"470","2020","03","22",2020-03-01,2020-03-01 22:00:00,2023-12-12 22:00:00,"91034","Waals Gewest","Provincie Namen","Dinant",50.2455188280001,4.93979636000006,"Buiten Kruispunt","Normaal","Nat, plassen","buiten bebouwde kom","Nacht, geen openbare verlichting aanwezig","Gewestweg","Met doden","personenauto","personenauto","Tussen 2 bestuurders: Frontale botsing","Geen hindernis","22"
"471","2021","06","23",2021-06-01,2021-06-01 23:00:00,2023-12-12 23:00:00,"53053","Waals Gewest","Provincie Henegouwen","Bergen",50.4474272420001,3.91250441600005,"Buiten Kruispunt","Normaal","Proper","buiten bebouwde kom","Nacht, openbare verlichting aanwezig en ontstoken","Autosnelweg","Met doden","personenauto","een weggebruiker tegen een hindernis","Weggebruiker tegen hindernis buiten rijbaan","Buiten de rijbaan: Vangrails overschreden","23"
"472","2021","12","16",2021-12-01,2021-12-01 16:00:00,2023-12-12 16:00:00,"53053","Waals Gewest","Provincie Henegouwen","Bergen",50.4518776200001,3.91682245800007,"Buiten Kruispunt","Regenval+Sterke wind, rukwind","Nat, plassen+Proper","binnen bebouwde kom","Dageraad - schemering","Gewestweg","Met doden","Motorfiets","een weggebruiker tegen een hindernis","Weggebruiker tegen hindernis op de rijbaan","Op de rijbaan: Werken (signal., aarde, toestel,…)","16"
"473","2019","05","16",2019-05-01,2019-05-01 16:00:00,2023-12-12 16:00:00,"13036","Vlaams Gewest","Provincie Antwerpen","Retie",51.257811879,5.09922992300005,"Buiten Kruispunt","Normaal","Droog","buiten bebouwde kom","Dag","Gewestweg","Met doden","onbekend","onbekend","Andere of onbekend","Geen vermelding van de aanwezigheid van een hindernis","16"
"474","2020","08","10",2020-08-01,2020-08-01 10:00:00,2023-12-12 10:00:00,"13036","Vlaams Gewest","Provincie Antwerpen","Retie",51.2565797130001,5.09992780500005,"Buiten Kruispunt","Normaal","Droog","buiten bebouwde kom","Dag","Gewestweg","dodelijk gewonden","personenauto","een weggebruiker tegen een hindernis","Weggebruiker tegen hindernis buiten rijbaan","Buiten de rijbaan: Boom","10"
"475","2019","05","13",2019-05-01,2019-05-01 13:00:00,2023-12-12 13:00:00,"72004","Vlaams Gewest","Provincie Limburg","Bree",51.126822438,5.56852857900003,"Op Kruispunt","Normaal","Droog","buiten bebouwde kom","Dag","Gewestweg","Met doden","Motorfiets","personenauto","Tussen 2 bestuurders: Frontale botsing","Geen hindernis","13"
"476","2021","10","08",2021-10-01,2021-10-01 08:00:00,2023-12-12 08:00:00,"72004","Vlaams Gewest","Provincie Limburg","Bree",51.1280753620001,5.57098929000006,"Buiten Kruispunt","Normaal","Droog","buiten bebouwde kom","Dag","Gewestweg","dodelijk gewonden","Lichte vrachtauto","Voetganger","Met een voetganger","Geen hindernis","08"
"477","2019","05","11",2019-05-01,2019-05-01 11:00:00,2023-12-12 11:00:00,"72039","Vlaams Gewest","Provincie Limburg","Houthalen-Helchteren",51.056286604,5.38243350000005,"Op Kruispunt","Normaal","Droog","binnen bebouwde kom","Dag","Gewestweg","Met doden","Vrachtwagen","Fiets","Tussen 2 bestuurders: Flank tegen flank","Geen hindernis","11"
"478","2021","11","16",2021-11-01,2021-11-01 16:00:00,2023-12-12 16:00:00,"72039","Vlaams Gewest","Provincie Limburg","Houthalen-Helchteren",51.056286604,5.38243350000005,"Op Kruispunt","Normaal","Droog","binnen bebouwde kom","Dag","Gewestweg","Met doden","personenauto","een weggebruiker tegen een hindernis","Weggebruiker tegen hindernis buiten rijbaan","Buiten de rijbaan: Andere paal","16"
"479","2019","04","14",2019-04-01,2019-04-01 14:00:00,2023-12-12 14:00:00,"23099","Vlaams Gewest","Provincie Vlaams-Brabant","Kraainem",50.8499680300001,4.46516994200004,"Op Kruispunt","Normaal","Droog","binnen bebouwde kom","Dag","Gemeenteweg","dodelijk gewonden","personenauto","Voetganger","Met een voetganger","Geen hindernis","14"
"480","2021","02","07",2021-02-01,2021-02-01 07:00:00,2023-12-12 07:00:00,"23099","Vlaams Gewest","Provincie Vlaams-Brabant","Kraainem",50.848216812,4.46617185500003,"Op Kruispunt","Regenval","Nat, plassen","binnen bebouwde kom","Nacht, openbare verlichting aanwezig en ontstoken","Gewestweg","Met doden","Autobus","Voetganger","Met een voetganger","Geen hindernis","07"
"481","2019","03","09",2019-03-01,2019-03-01 09:00:00,2023-12-12 09:00:00,"23016","Vlaams Gewest","Provincie Vlaams-Brabant","Dilbeek",50.8448599160001,4.27480644500002,"Buiten Kruispunt","Normaal","Droog","binnen bebouwde kom","Dag","Gewestweg","Met doden","Voetganger","personenauto","Met een voetganger","Geen hindernis","09"
"482","2020","06","11",2020-06-01,2020-06-01 11:00:00,2023-12-12 11:00:00,"23016","Vlaams Gewest","Provincie Vlaams-Brabant","Dilbeek",50.8463993340001,4.27981392400005,"Buiten Kruispunt","Normaal","Droog","buiten bebouwde kom","Dag","Autosnelweg","Met doden","Motorfiets","Vrachtwagen","Tussen 2 bestuurders: Langs achteren","Geen hindernis","11"
"483","2019","04","13",2019-04-01,2019-04-01 13:00:00,2023-12-12 13:00:00,"23038","Vlaams Gewest","Provincie Vlaams-Brabant","Kampenhout",50.9286530430001,4.52651894000007,"Op Kruispunt","Normaal","Droog","buiten bebouwde kom","Dag","Gewestweg","Met doden","Motorfiets","personenauto","Tss. 2 best.: langs opzij (voor-/achterkant-flank)","Geen hindernis","13"
"484","2019","10","11",2019-10-01,2019-10-01 11:00:00,2023-12-12 11:00:00,"23038","Vlaams Gewest","Provincie Vlaams-Brabant","Kampenhout",50.926962061,4.52216106300005,"Op Kruispunt","Regenval","Nat, plassen","buiten bebouwde kom","Dag","Gewestweg","Met doden","Autobus","personenauto","Tss. 2 best.: langs opzij (voor-/achterkant-flank)","Geen hindernis","11"
"485","2019","05","21",2019-05-01,2019-05-01 21:00:00,2023-12-12 21:00:00,"31005","Vlaams Gewest","Provincie West-Vlaanderen","Brugge",51.2225363200001,3.22422921400005,"Buiten Kruispunt","Normaal","Droog","binnen bebouwde kom","Nacht, openbare verlichting aanwezig en ontstoken","Gewestweg","Met doden","Bromfiets","een weggebruiker tegen een hindernis","Weggebruiker tegen hindernis op de rijbaan","Op de rijbaan: Put, straatgoot, tramspoor","21"
"486","2019","06","12",2019-06-01,2019-06-01 12:00:00,2023-12-12 12:00:00,"57027","Waals Gewest","Provincie Henegouwen","Estaimpuis",50.6502310860001,3.29467766400006,"Buiten Kruispunt","Normaal","Proper","buiten bebouwde kom","Dag","Autosnelweg","Met doden","Vrachtwagen","Vrachtwagen","Tussen 2 bestuurders: Langs achteren","Geen hindernis","12"
"487","2020","06","10",2020-06-01,2020-06-01 10:00:00,2023-12-12 10:00:00,"57081","Waals Gewest","Provincie Henegouwen","Doornik",50.6502310860001,3.29467766400006,"Buiten Kruispunt","Normaal","Proper","buiten bebouwde kom","Dag","Autosnelweg","Met doden","onbekend","onbekend","Geen vermelding van de type aanrijding","Geen vermelding van de type aanrijding","10"
"488","2019","06","16",2019-06-01,2019-06-01 16:00:00,2023-12-12 16:00:00,"63049","Waals Gewest","Provincie Luik","Malmedy",50.424455107,6.02124549400003,"Buiten Kruispunt","Onbekend","Droog","binnen bebouwde kom","Dag","Gewestweg","Met doden","onbekend","onbekend","Andere of onbekend","Geen vermelding van de aanwezigheid van een hindernis","16"
"489","2022","08","12",2022-08-01,2022-08-01 12:00:00,2023-12-12 12:00:00,"63049","Waals Gewest","Provincie Luik","Malmedy",50.424321359,6.01856731100003,"Buiten Kruispunt","Normaal","Proper","binnen bebouwde kom","Dag","Gewestweg","dodelijk gewonden","Andere weggebruiker","Voetganger","Met een voetganger","Geen hindernis","12"
"490","2019","06","09",2019-06-01,2019-06-01 09:00:00,2023-12-12 09:00:00,"92138","Waals Gewest","Provincie Namen","Fernelmont",50.5673642730001,4.94216120900006,"Op Kruispunt","Normaal","Droog+Proper","buiten bebouwde kom","Dag","Gewestweg","dodelijk gewonden","personenauto","Fiets","Tss. 2 best.: langs opzij (voor-/achterkant-flank)","Geen hindernis","09"
"491","2021","06","18",2021-06-01,2021-06-01 18:00:00,2023-12-12 18:00:00,"92138","Waals Gewest","Provincie Namen","Fernelmont",50.5673642730001,4.94216120900006,"Op Kruispunt","Normaal","Droog+Proper","buiten bebouwde kom","Dag","Gewestweg","Met doden","personenauto","personenauto","Tss. 2 best.: langs opzij (voor-/achterkant-flank)","Geen hindernis","18"
"492","2019","06","17",2019-06-01,2019-06-01 17:00:00,2023-12-12 17:00:00,"91013","Waals Gewest","Provincie Namen","Beauraing",50.0996277090001,4.99169100200004,"Buiten Kruispunt","Normaal","Droog","buiten bebouwde kom","Dag","Gewestweg","Met doden","Motorfiets","personenauto","Kettingbotsing (3 bestuurders of meer)","Geen hindernis","17"
"493","2022","01","18",2022-01-01,2022-01-01 18:00:00,2023-12-12 18:00:00,"91013","Waals Gewest","Provincie Namen","Beauraing",50.1020519080001,4.98805580300007,"Buiten Kruispunt","Regenval","Nat, plassen","buiten bebouwde kom","Nacht, openbare verlichting aanwezig en ontstoken","Gewestweg","dodelijk gewonden","personenauto","Voetganger","Met een voetganger","Geen hindernis","18"
"494","2019","06","17",2019-06-01,2019-06-01 17:00:00,2023-12-12 17:00:00,"93090","Waals Gewest","Provincie Namen","Viroinval",50.067705609,4.57221932900006,"Buiten Kruispunt","Normaal","Proper","buiten bebouwde kom","Dag","Gewestweg","Met doden","personenauto","personenauto","Tussen 2 bestuurders: Frontale botsing","Geen hindernis","17"
"495","2022","03","02",2022-03-01,2022-03-01 02:00:00,2023-12-12 02:00:00,"93090","Waals Gewest","Provincie Namen","Viroinval",50.0685245400001,4.57614384400006,"Buiten Kruispunt","Normaal","Droog","buiten bebouwde kom","Nacht, geen openbare verlichting aanwezig","Gewestweg","Met doden","personenauto","een weggebruiker tegen een hindernis","Weggebruiker tegen hindernis buiten rijbaan","Buiten de rijbaan: Gracht","02"
"496","2019","06","23",2019-06-01,2019-06-01 23:00:00,2023-12-12 23:00:00,"11002","Vlaams Gewest","Provincie Antwerpen","Antwerpen",51.2034175300001,4.43725594700004,"Op Kruispunt","Normaal","Droog","buiten bebouwde kom","Nacht, openbare verlichting aanwezig en ontstoken","Gewestweg","dodelijk gewonden","personenauto","Fiets","Tussen 2 bestuurders: Frontale botsing","Geen hindernis","23"
"497","2021","11","07",2021-11-01,2021-11-01 07:00:00,2023-12-12 07:00:00,"11002","Vlaams Gewest","Provincie Antwerpen","Antwerpen",51.2003793750001,4.43283910900004,"Buiten Kruispunt","Normaal","Droog","binnen bebouwde kom","Dag","Gemeenteweg","dodelijk gewonden","Vrachtwagen","Voetganger","Met een voetganger","Geen hindernis","07"
"498","2021","11","07",2021-11-01,2021-11-01 07:00:00,2023-12-12 07:00:00,"11002","Vlaams Gewest","Provincie Antwerpen","Antwerpen",51.2004170970001,4.43274113900003,"Buiten Kruispunt","Normaal","Droog","binnen bebouwde kom","Nacht, openbare verlichting aanwezig en ontstoken","Gemeenteweg","Met doden","Vrachtwagen","Voetganger","Met een voetganger","Geen hindernis","07"
"499","2019","06","12",2019-06-01,2019-06-01 12:00:00,2023-12-12 12:00:00,"35011","Vlaams Gewest","Provincie West-Vlaanderen","Middelkerke",51.185435828,2.81304800500004,"Buiten Kruispunt","Normaal","Droog","binnen bebouwde kom","Dag","Gewestweg","Met doden","personenauto","een weggebruiker tegen een hindernis","Weggebruiker tegen hindernis buiten rijbaan","Buiten de rijbaan: Muur gebouw","12"
"500","2019","10","13",2019-10-01,2019-10-01 13:00:00,2023-12-12 13:00:00,"35011","Vlaams Gewest","Provincie West-Vlaanderen","Middelkerke",51.1819704270001,2.81591654900007,"Buiten Kruispunt","Normaal","Droog","binnen bebouwde kom","Dag","Gewestweg","Met doden","Bromfiets","een weggebruiker tegen een hindernis","Weggebruiker tegen hindernis buiten rijbaan","Buiten de rijbaan: Verlichtingspaal","13"
"501","2019","07","06",2019-07-01,2019-07-01 06:00:00,2023-12-12 06:00:00,"44021","Vlaams Gewest","Provincie Oost-Vlaanderen","Gent",51.0050915910001,3.74721191600003,"Buiten Kruispunt","Regenval","Nat, plassen","buiten bebouwde kom","Dageraad - schemering","Autosnelweg","dodelijk gewonden","Vrachtwagen","personenauto","Tussen 2 bestuurders: Langs achteren","Geen hindernis","06"
"502","2020","04","11",2020-04-01,2020-04-01 11:00:00,2023-12-12 11:00:00,"44021","Vlaams Gewest","Provincie Oost-Vlaanderen","Gent",51.006408445,3.74189544400002,"Buiten Kruispunt","Normaal","Droog","buiten bebouwde kom","Dag","Autosnelweg","dodelijk gewonden","Voetganger","Vrachtwagen","Met een voetganger","Geen hindernis","11"
"503","2021","11","06",2021-11-01,2021-11-01 06:00:00,2023-12-12 06:00:00,"51004","Waals Gewest","Provincie Henegouwen","Aat",50.606959837,3.74639313600005,"Buiten Kruispunt","Normaal","Nat, plassen","buiten bebouwde kom","Nacht, openbare verlichting aanwezig en ontstoken","Gewestweg","Met doden","personenauto","Vrachtwagen","Tussen 2 bestuurders: Frontale botsing","Geen hindernis","06"
"504","2019","07","15",2019-07-01,2019-07-01 15:00:00,2023-12-12 15:00:00,"72021","Vlaams Gewest","Provincie Limburg","Maaseik",51.1220489090001,5.72423576900007,"Buiten Kruispunt","Normaal","Droog","buiten bebouwde kom","Dag","Gewestweg","Met doden","personenauto","een weggebruiker tegen een hindernis","Weggebruiker tegen hindernis buiten rijbaan","Buiten de rijbaan: Boom","15"
"505","2019","08","18",2019-08-01,2019-08-01 18:00:00,2023-12-12 18:00:00,"72021","Vlaams Gewest","Provincie Limburg","Maaseik",51.122785971,5.72506320700006,"Buiten Kruispunt","Normaal","Droog","buiten bebouwde kom","Dag","Gewestweg","Met doden","personenauto","personenauto","Tussen 2 bestuurders: Langs achteren","Geen hindernis","18"
"506","2019","07","15",2019-07-01,2019-07-01 15:00:00,2023-12-12 15:00:00,"42003","Vlaams Gewest","Provincie Oost-Vlaanderen","Berlare",51.0489619680001,3.97652823300007,"Buiten Kruispunt","Normaal","Droog","binnen bebouwde kom","Dag","Gewestweg","Met doden","personenauto","Motorfiets","Tussen 2 bestuurders: Flank tegen flank","Geen hindernis","15"
"507","2022","01","14",2022-01-01,2022-01-01 14:00:00,2023-12-12 14:00:00,"42003","Vlaams Gewest","Provincie Oost-Vlaanderen","Berlare",51.0501473510001,3.97512529700003,"Buiten Kruispunt","Normaal","Droog","buiten bebouwde kom","Dag","Gewestweg","dodelijk gewonden","Lichte vrachtauto","Voetganger","Met een voetganger","Geen hindernis","14"
"508","2019","07","12",2019-07-01,2019-07-01 12:00:00,2023-12-12 12:00:00,"36006","Vlaams Gewest","Provincie West-Vlaanderen","Hooglede",51.0061655850001,3.07564688900004,"Buiten Kruispunt","Normaal","Droog","buiten bebouwde kom","Dag","Gemeenteweg","Met doden","Motorfiets","een weggebruiker tegen een hindernis","Weggebruiker tegen hindernis buiten rijbaan","Buiten de rijbaan: Gracht","12"
"509","2020","08","07",2020-08-01,2020-08-01 07:00:00,2023-12-12 07:00:00,"36006","Vlaams Gewest","Provincie West-Vlaanderen","Hooglede",51.0074768970001,3.07655148300006,"Op Kruispunt","Normaal","Droog","buiten bebouwde kom","Dag","Gemeenteweg","dodelijk gewonden","Fiets","personenauto","Tss. 2 best.: langs opzij (voor-/achterkant-flank)","Geen hindernis","07"
"510","2019","08","09",2019-08-01,2019-08-01 09:00:00,2023-12-12 09:00:00,"63023","Waals Gewest","Provincie Luik","Eupen",50.574299427,6.15703108200006,"Buiten Kruispunt","Normaal","Proper","buiten bebouwde kom","Dag","Gewestweg","Met doden","personenauto","een weggebruiker tegen een hindernis","Weggebruiker tegen hindernis buiten rijbaan","Buiten de rijbaan: Boom","09"
"511","2022","04","20",2022-04-01,2022-04-01 20:00:00,2023-12-12 20:00:00,"63023","Waals Gewest","Provincie Luik","Eupen",50.574823898,6.15610008600004,"Buiten Kruispunt","Normaal","Proper","buiten bebouwde kom","Dag","Gemeenteweg","Met doden","personenauto","een weggebruiker tegen een hindernis","Weggebruiker tegen hindernis buiten rijbaan","Buiten de rijbaan: Boom","20"
"512","2019","08","23",2019-08-01,2019-08-01 23:00:00,2023-12-12 23:00:00,"21004","Brussels Hoofdstedelijk Gewest",NA,"Brussel",50.845465958,4.35767310900007,"Buiten Kruispunt","Normaal","Proper","binnen bebouwde kom","Nacht, openbare verlichting aanwezig en ontstoken","Gemeenteweg","Met doden","personenauto","Voetganger","Met een voetganger","Geen hindernis","23"
"513","2022","01","20",2022-01-01,2022-01-01 20:00:00,2023-12-12 20:00:00,"21004","Brussels Hoofdstedelijk Gewest",NA,"Brussel",50.845898355,4.35657979200005,"Buiten Kruispunt","Normaal","Droog","binnen bebouwde kom","Dag","Gemeenteweg","dodelijk gewonden","Fiets","één bestuurder, geen hindernis","Eén bestuurder, geen hindernis (incl. val)","Geen hindernis","20"
"514","2022","07","14",2022-07-01,2022-07-01 14:00:00,2023-12-12 14:00:00,"21004","Brussels Hoofdstedelijk Gewest",NA,"Brussel",50.8465953520001,4.35194367500003,"Buiten Kruispunt","Normaal","Proper","binnen bebouwde kom","Dag","Gewestweg","dodelijk gewonden","Motorfiets","personenauto","Tussen 2 bestuurders: Flank tegen flank","Geen hindernis","14"
"515","2019","09","17",2019-09-01,2019-09-01 17:00:00,2023-12-12 17:00:00,"11001","Vlaams Gewest","Provincie Antwerpen","Aartselaar",51.1124459550001,4.37120059500006,"Buiten Kruispunt","Normaal","Droog","buiten bebouwde kom","Dag","Autosnelweg","Met doden","personenauto","Vrachtwagen","Kettingbotsing (3 bestuurders of meer)","Geen hindernis","17"
"516","2020","07","06",2020-07-01,2020-07-01 06:00:00,2023-12-12 06:00:00,"11001","Vlaams Gewest","Provincie Antwerpen","Aartselaar",51.1101941060001,4.37016082200006,"Op Kruispunt","Normaal","Droog","buiten bebouwde kom","Dageraad - schemering","Gewestweg","Met doden","personenauto","Bromfiets","Tss. 2 best.: langs opzij (voor-/achterkant-flank)","Geen hindernis","06"
"517","2019","09","18",2019-09-01,2019-09-01 18:00:00,2023-12-12 18:00:00,"53053","Waals Gewest","Provincie Henegouwen","Bergen",50.4641950610001,4.02921945800006,"Buiten Kruispunt","Regenval","Nat, plassen","buiten bebouwde kom","Dag","Autosnelweg","Met doden","personenauto","een weggebruiker tegen een hindernis","Weggebruiker tegen hindernis buiten rijbaan","Buiten de rijbaan: Muur gebouw","18"
"518","2020","02","16",2020-02-01,2020-02-01 16:00:00,2023-12-12 16:00:00,"53053","Waals Gewest","Provincie Henegouwen","Bergen",50.468256071,4.03179742900005,"Buiten Kruispunt","Sterke wind, rukwind","Proper","buiten bebouwde kom","Dag","Autosnelweg","Met doden","personenauto","één bestuurder, geen hindernis","Eén bestuurder, geen hindernis (incl. val)","Geen hindernis","16"
"519","2019","09","09",2019-09-01,2019-09-01 09:00:00,2023-12-12 09:00:00,"63075","Waals Gewest","Provincie Luik","Stoumont",50.5165380510001,5.24037147400003,"Buiten Kruispunt","Normaal","Proper","buiten bebouwde kom","Dag","Gewestweg","Met doden","personenauto","Fiets","Tussen 2 bestuurders: Langs achteren","Geen hindernis","09"
"520","2022","11","17",2022-11-01,2022-11-01 17:00:00,2023-12-12 17:00:00,"61031","Waals Gewest","Provincie Luik","Hoei",50.518295354,5.24119406200003,"Buiten Kruispunt","Normaal","Nat, plassen","buiten bebouwde kom","Nacht, openbare verlichting aanwezig en ontstoken","Gewestweg","Met doden","personenauto","een weggebruiker tegen een hindernis","Weggebruiker tegen hindernis buiten rijbaan","Buiten de rijbaan: Vangrails overschreden","17"
"521","2019","09","19",2019-09-01,2019-09-01 19:00:00,2023-12-12 19:00:00,"92101","Waals Gewest","Provincie Namen","Profondeville",50.3811296640001,4.87594704500003,"Buiten Kruispunt","Normaal","Droog+Proper","buiten bebouwde kom","Nacht, openbare verlichting aanwezig en ontstoken","Gewestweg","Met doden","Motorfiets","een weggebruiker tegen een hindernis","Weggebruiker tegen hindernis buiten rijbaan","Buiten de rijbaan: Muur gebouw","19"
"522","2020","05","18",2020-05-01,2020-05-01 18:00:00,2023-12-12 18:00:00,"92101","Waals Gewest","Provincie Namen","Profondeville",50.3851576100001,4.87653420700002,"Buiten Kruispunt","Normaal","Proper","buiten bebouwde kom","Dag","Gewestweg","Met doden","personenauto","personenauto","Tussen 2 bestuurders: Frontale botsing","Geen hindernis","18"
"523","2019","09","14",2019-09-01,2019-09-01 14:00:00,2023-12-12 14:00:00,"23027","Vlaams Gewest","Provincie Vlaams-Brabant","Halle (Halle-Vilvoorde)",50.726437644,4.21572846700008,"Op Kruispunt","Normaal","Droog","binnen bebouwde kom","Dag","Gewestweg","dodelijk gewonden","personenauto","een weggebruiker tegen een hindernis","Weggebruiker tegen hindernis op de rijbaan","Op de rijbaan: Put, straatgoot, tramspoor","14"
"524","2019","10","09",2019-10-01,2019-10-01 09:00:00,2023-12-12 09:00:00,"11037","Vlaams Gewest","Provincie Antwerpen","Rumst",51.107139208,4.36973464000005,"Buiten Kruispunt","Normaal","Droog","buiten bebouwde kom","Dag","Autosnelweg","Met doden","personenauto","Vrachtwagen","Tss. 2 best.: langs opzij (voor-/achterkant-flank)","Geen hindernis","09"
"525","2019","10","06",2019-10-01,2019-10-01 06:00:00,2023-12-12 06:00:00,"44013","Vlaams Gewest","Provincie Oost-Vlaanderen","Destelbergen",51.049848178,3.81871641300006,"Buiten Kruispunt","Normaal","Nat, plassen","buiten bebouwde kom","Nacht, openb. verlicht. aanw., maar niet ontstoken","Autosnelweg","Met doden","Vrachtwagen","een weggebruiker tegen een hindernis","Weggebruiker tegen hindernis buiten rijbaan","Buiten de rijbaan: Verkeerseiland, middenberm","06"
"526","2020","11","15",2020-11-01,2020-11-01 15:00:00,2023-12-12 15:00:00,"44013","Vlaams Gewest","Provincie Oost-Vlaanderen","Destelbergen",51.0510561730001,3.82558106800008,"Buiten Kruispunt","Normaal","Droog","buiten bebouwde kom","Dag","Autosnelweg","Met doden","Vrachtwagen","Vrachtwagen","Tussen 2 bestuurders: Langs achteren","Geen hindernis","15"
"527","2021","08","17",2021-08-01,2021-08-01 17:00:00,2023-12-12 17:00:00,"44013","Vlaams Gewest","Provincie Oost-Vlaanderen","Destelbergen",51.0530734600001,3.82094324300005,"Buiten Kruispunt","Normaal","Droog","binnen bebouwde kom","Dag","Gemeenteweg","dodelijk gewonden","personenauto","personenauto","Tussen 2 bestuurders: Frontale botsing","Geen hindernis","17"
"528","2019","10","02",2019-10-01,2019-10-01 02:00:00,2023-12-12 02:00:00,"31022","Vlaams Gewest","Provincie West-Vlaanderen","Oostkamp",51.156000168,3.21173159100005,"Buiten Kruispunt","Normaal","Droog+Proper","buiten bebouwde kom","Nacht, openbare verlichting aanwezig en ontstoken","Autosnelweg","Met doden","Vrachtwagen","personenauto","Tussen 2 bestuurders: Langs achteren","Geen hindernis","02"