"","DT_YEAR_COLLISION","DT_MONTH_COLLISION","DT_TIME","YEAR_MONTH_DAY","YEAR_MONTH_DAY_HOUR","TIME_DT","CD_NIS","TX_RGN_COLLISION_NL","TX_PROV_COLLISION_NL","TX_MUNTY_COLLISION_NL","LAT_WGS84","LONG_WGS84","TX_CROSSWAY_NL","TX_WEATHER_NL","TX_ROAD_CONDITION_NL","TX_BUILD_UP_AREA_NL","TX_LIGHT_CONDITION_NL","CD_ROAD_TYPE_NL","TX_CLASS_ACCIDENTS_NL","TX_ROAD_USR_TYPE1_NL","TX_ROAD_USR_TYPE2_NL","TX_COLLISION_TYPE_NL","TX_OBSTACLES_NL","HOUR"
"529","2021","10","11",2021-10-01,2021-10-01 11:00:00,2023-12-12 11:00:00,"31040","Vlaams Gewest","Provincie West-Vlaanderen","Zedelgem",51.1543683310001,3.20973525500006,"Buiten Kruispunt","Normaal","Droog","buiten bebouwde kom","Dag","Autosnelweg","Met doden","Motorfiets","een weggebruiker tegen een hindernis","Weggebruiker tegen hindernis buiten rijbaan","Buiten de rijbaan: Vangrails niet overgestoken","11"
"530","2019","10","01",2019-10-01,2019-10-01 01:00:00,2023-12-12 01:00:00,"34022","Vlaams Gewest","Provincie West-Vlaanderen","Kortrijk",50.808311018,3.27174253600003,"Buiten Kruispunt","Normaal","Droog","buiten bebouwde kom","Nacht, openbare verlichting aanwezig en ontstoken","Autosnelweg","Met doden","personenauto","Voetganger","Met een voetganger","Geen hindernis","01"
"531","2021","09","03",2021-09-01,2021-09-01 03:00:00,2023-12-12 03:00:00,"34022","Vlaams Gewest","Provincie West-Vlaanderen","Kortrijk",50.80797484,3.27045688800007,"Buiten Kruispunt","Normaal","Droog","buiten bebouwde kom","Nacht, openbare verlichting aanwezig en ontstoken","Autosnelweg","Met doden","personenauto","Vrachtwagen","Tussen 2 bestuurders: Frontale botsing","Geen hindernis","03"
"532","2020","09","02",2020-09-01,2020-09-01 02:00:00,2023-12-12 02:00:00,"53053","Waals Gewest","Provincie Henegouwen","Bergen",50.4910273730001,4.00259956500002,"Buiten Kruispunt","Normaal","Droog+Proper","buiten bebouwde kom","Nacht, geen openbare verlichting aanwezig","Autosnelweg","Met doden","personenauto","een weggebruiker tegen een hindernis","Weggebruiker tegen hindernis buiten rijbaan","Buiten de rijbaan: Vangrails overschreden","02"
"533","2019","10","23",2019-10-01,2019-10-01 23:00:00,2023-12-12 23:00:00,"41048","Vlaams Gewest","Provincie Oost-Vlaanderen","Ninove",50.8351710110001,4.02706036400002,"Buiten Kruispunt","Normaal","Droog","binnen bebouwde kom","Nacht, geen openbare verlichting aanwezig","Gemeenteweg","Met doden","Lichte vrachtauto","Voetganger","Met een voetganger","Geen hindernis","23"
"534","2022","07","13",2022-07-01,2022-07-01 13:00:00,2023-12-12 13:00:00,"41048","Vlaams Gewest","Provincie Oost-Vlaanderen","Ninove",50.8362458880001,4.02653001200002,"Buiten Kruispunt","Normaal","Droog","binnen bebouwde kom","Dag","Gemeenteweg","Met doden","Bromfiets","Andere weggebruiker","Tss. 2 best.: langs opzij (voor-/achterkant-flank)","Geen hindernis","13"
"535","2019","11","15",2019-11-01,2019-11-01 15:00:00,2023-12-12 15:00:00,"52011","Waals Gewest","Provincie Henegouwen","Charleroi",50.4508831150001,4.49927211800002,"Buiten Kruispunt","Normaal","Droog","buiten bebouwde kom","Dag","Autosnelweg","Met doden","onbekend","onbekend","Andere of onbekend","Geen vermelding van de aanwezigheid van een hindernis","15"
"536","2019","11","11",2019-11-01,2019-11-01 11:00:00,2023-12-12 11:00:00,"52011","Waals Gewest","Provincie Henegouwen","Charleroi",50.465016328,4.43713091600006,"Buiten Kruispunt","Normaal","Nat, plassen+Proper","binnen bebouwde kom","Dag","Gemeenteweg","dodelijk gewonden","Vrachtwagen","Voetganger","Met een voetganger","Geen hindernis","11"
"537","2022","11","13",2022-11-01,2022-11-01 13:00:00,2023-12-12 13:00:00,"52011","Waals Gewest","Provincie Henegouwen","Charleroi",50.468068654,4.43653200700004,"Buiten Kruispunt","Normaal","Droog+Proper","binnen bebouwde kom","Dag","Gemeenteweg","Met doden","Motorfiets","een weggebruiker tegen een hindernis","Weggebruiker tegen hindernis op de rijbaan","Op de rijbaan: Container","13"
"538","2019","11","04",2019-11-01,2019-11-01 04:00:00,2023-12-12 04:00:00,"24020","Vlaams Gewest","Provincie Vlaams-Brabant","Diest",51.023634595,5.14647079100007,"Buiten Kruispunt","Normaal","Droog","buiten bebouwde kom","Nacht, openbare verlichting aanwezig en ontstoken","Gewestweg","Met doden","personenauto","een weggebruiker tegen een hindernis","Weggebruiker tegen hindernis buiten rijbaan","Buiten de rijbaan: Boom","04"
"539","2022","09","15",2022-09-01,2022-09-01 15:00:00,2023-12-12 15:00:00,"24020","Vlaams Gewest","Provincie Vlaams-Brabant","Diest",51.0255755800001,5.14976492200003,"Buiten Kruispunt","Normaal","Droog","buiten bebouwde kom","Dag","Gewestweg","Met doden","personenauto","Voetganger","Met een voetganger","Geen hindernis","15"
"540","2019","11","10",2019-11-01,2019-11-01 10:00:00,2023-12-12 10:00:00,"24009","Vlaams Gewest","Provincie Vlaams-Brabant","Bertem",50.8471665920001,4.58977215300007,"Buiten Kruispunt","Normaal","Droog","binnen bebouwde kom","Dag","Gemeenteweg","dodelijk gewonden","personenauto","een weggebruiker tegen een hindernis","Weggebruiker tegen hindernis buiten rijbaan","Buiten de rijbaan: Verlichtingspaal","10"
"541","2021","01","05",2021-01-01,2021-01-01 05:00:00,2023-12-12 05:00:00,"24009","Vlaams Gewest","Provincie Vlaams-Brabant","Bertem",50.849500526,4.59352108600007,"Buiten Kruispunt","Onbekend","Nat, plassen","binnen bebouwde kom","Nacht, openbare verlichting aanwezig en ontstoken","Gemeenteweg","Met doden","personenauto","een weggebruiker tegen een hindernis","Weggebruiker tegen hindernis buiten rijbaan","Buiten de rijbaan: Boom","05"
"542","2019","12","09",2019-12-01,2019-12-01 09:00:00,2023-12-12 09:00:00,"11035","Vlaams Gewest","Provincie Antwerpen","Ranst",51.20961685,4.61769383900003,"Buiten Kruispunt","Normaal","Droog+Proper","buiten bebouwde kom","Dag","Autosnelweg","Met doden","Vrachtwagen","Vrachtwagen","Tussen 2 bestuurders: Langs achteren","Geen hindernis","09"
"543","2022","06","09",2022-06-01,2022-06-01 09:00:00,2023-12-12 09:00:00,"11035","Vlaams Gewest","Provincie Antwerpen","Ranst",51.212076229,4.61625958600007,"Op Kruispunt","Normaal","Droog","buiten bebouwde kom","Dag","Gemeenteweg","dodelijk gewonden","Fiets","Fiets","Tss. 2 best.: langs opzij (voor-/achterkant-flank)","Geen hindernis","09"
"544","2019","12","15",2019-12-01,2019-12-01 15:00:00,2023-12-12 15:00:00,"21004","Brussels Hoofdstedelijk Gewest",NA,"Brussel",50.8163796260001,4.37779981900007,"Buiten Kruispunt","Normaal","Droog","binnen bebouwde kom","Dag","Gewestweg","Met doden","Lichte vrachtauto","Voetganger","Met een voetganger","Geen hindernis","15"
"545","2022","10","20",2022-10-01,2022-10-01 20:00:00,2023-12-12 20:00:00,"21004","Brussels Hoofdstedelijk Gewest",NA,"Brussel",50.815007044,4.37408223000006,"Buiten Kruispunt","Normaal","Droog","binnen bebouwde kom","Nacht, openbare verlichting aanwezig en ontstoken","Gewestweg","Met doden","onbekend","onbekend","Geen vermelding van de type aanrijding","Geen vermelding van de type aanrijding","20"
"546","2022","11","09",2022-11-01,2022-11-01 09:00:00,2023-12-12 09:00:00,"21009","Brussels Hoofdstedelijk Gewest",NA,"Elsene",50.816638497,4.37703449000003,"Buiten Kruispunt","Normaal","Droog","binnen bebouwde kom","Dag","Gemeenteweg","Met doden","Fiets","Andere weggebruiker","Tss. 2 best.: langs opzij (voor-/achterkant-flank)","Geen hindernis","09"
"547","2019","12","08",2019-12-01,2019-12-01 08:00:00,2023-12-12 08:00:00,"71016","Vlaams Gewest","Provincie Limburg","Genk",50.970788987,5.50108364200003,"Op Kruispunt","Normaal","Droog","binnen bebouwde kom","Dageraad - schemering","Gewestweg","Met doden","personenauto","Voetganger","Met een voetganger","Geen hindernis","08"
"548","2020","07","11",2020-07-01,2020-07-01 11:00:00,2023-12-12 11:00:00,"71016","Vlaams Gewest","Provincie Limburg","Genk",50.967807088,5.50278367500005,"Op Kruispunt","Normaal","Droog","binnen bebouwde kom","Dag","Gewestweg","dodelijk gewonden","personenauto","Fiets","Tss. 2 best.: langs opzij (voor-/achterkant-flank)","Geen hindernis","11"
"549","2020","01","08",2020-01-01,2020-01-01 08:00:00,2023-12-12 08:00:00,"11002","Vlaams Gewest","Provincie Antwerpen","Antwerpen",51.36873946,4.30954772100006,"Buiten Kruispunt","Onbekend","Nat, plassen","buiten bebouwde kom","Nacht, geen openbare verlichting aanwezig","Autosnelweg","Met doden","personenauto","een weggebruiker tegen een hindernis","Weggebruiker tegen hindernis buiten rijbaan","Buiten de rijbaan: Vangrails overschreden","08"
"550","2022","12","21",2022-12-01,2022-12-01 21:00:00,2023-12-12 21:00:00,"11002","Vlaams Gewest","Provincie Antwerpen","Antwerpen",51.3708724850001,4.31166652100006,"Buiten Kruispunt","Normaal","Nat, plassen","buiten bebouwde kom","Nacht, openb. verlicht. aanw., maar niet ontstoken","Autosnelweg","Met doden","Voetganger","Autobus","Met een voetganger","Geen vermelding van de aanwezigheid van een hindernis","21"
"551","2020","01","21",2020-01-01,2020-01-01 21:00:00,2023-12-12 21:00:00,"21001","Brussels Hoofdstedelijk Gewest",NA,"Anderlecht",50.8345631070001,4.28179973100004,"Buiten Kruispunt","Regenval","Nat, plassen","buiten bebouwde kom","Nacht, openbare verlichting aanwezig en ontstoken","Autosnelweg","Met doden","Voetganger","personenauto","Met een voetganger","Geen hindernis","21"
"552","2020","02","11",2020-02-01,2020-02-01 11:00:00,2023-12-12 11:00:00,"21001","Brussels Hoofdstedelijk Gewest",NA,"Anderlecht",50.8345631070001,4.28179973100004,"Buiten Kruispunt","Regenval","Nat, plassen","buiten bebouwde kom","Dag","Autosnelweg","Met doden","Voetganger","personenauto","Met een voetganger","Geen hindernis","11"
"553","2020","02","04",2020-02-01,2020-02-01 04:00:00,2023-12-12 04:00:00,"91034","Waals Gewest","Provincie Namen","Dinant",50.278445843,5.07814653800006,"Buiten Kruispunt","Normaal","Droog","buiten bebouwde kom","Nacht, geen openbare verlichting aanwezig","Gewestweg","Met doden","personenauto","een weggebruiker tegen een hindernis","Weggebruiker tegen hindernis buiten rijbaan","Buiten de rijbaan: Boom","04"
"554","2021","01","20",2021-01-01,2021-01-01 20:00:00,2023-12-12 20:00:00,"91034","Waals Gewest","Provincie Namen","Dinant",50.278773035,5.07862011000003,"Buiten Kruispunt","Sneeuwval","Nat, plassen","buiten bebouwde kom","Nacht, geen openbare verlichting aanwezig","Gewestweg","Met doden","personenauto","een weggebruiker tegen een hindernis","Weggebruiker tegen hindernis buiten rijbaan","Buiten de rijbaan: Boom","20"
"555","2020","01","05",2020-01-01,2020-01-01 05:00:00,2023-12-12 05:00:00,"11013","Vlaams Gewest","Provincie Antwerpen","Edegem",51.1639459780001,4.42772967600007,"Op Kruispunt","Mist (zichtbaarheid minder dan 100m)","Droog","buiten bebouwde kom","Nacht, openbare verlichting aanwezig en ontstoken","Gewestweg","dodelijk gewonden","personenauto","Fiets","Tss. 2 best.: langs opzij (voor-/achterkant-flank)","Geen hindernis","05"
"556","2022","06","18",2022-06-01,2022-06-01 18:00:00,2023-12-12 18:00:00,"11013","Vlaams Gewest","Provincie Antwerpen","Edegem",51.161130949,4.42906865900005,"Buiten Kruispunt","Normaal","Droog","buiten bebouwde kom","Dag","Gewestweg","Met doden","onbekend","onbekend","Andere of onbekend","Geen vermelding van de aanwezigheid van een hindernis","18"
"557","2020","02","13",2020-02-01,2020-02-01 13:00:00,2023-12-12 13:00:00,"55085","Waals Gewest","Provincie Henegouwen","Seneffe",50.5610253850001,4.28793291400007,"Buiten Kruispunt","Normaal","Proper","buiten bebouwde kom","Dag","Autosnelweg","Met doden","Vrachtwagen","een weggebruiker tegen een hindernis","Weggebruiker tegen hindernis buiten rijbaan","Buiten de rijbaan: Vangrails overschreden","13"
"558","2021","03","15",2021-03-01,2021-03-01 15:00:00,2023-12-12 15:00:00,"55085","Waals Gewest","Provincie Henegouwen","Seneffe",50.5621817260001,4.28996203400004,"Buiten Kruispunt","Normaal","Droog","buiten bebouwde kom","Dag","Autosnelweg","dodelijk gewonden","Motorfiets","personenauto","Tussen 2 bestuurders: Langs achteren","Geen hindernis","15"
"559","2020","03","06",2020-03-01,2020-03-01 06:00:00,2023-12-12 06:00:00,"53084","Waals Gewest","Provincie Henegouwen","Quévy",50.3725998800001,4.04306794600006,"Buiten Kruispunt","Normaal","Droog","buiten bebouwde kom","Nacht, geen openbare verlichting aanwezig","Gewestweg","Met doden","personenauto","een weggebruiker tegen een hindernis","Weggebruiker tegen hindernis buiten rijbaan","Buiten de rijbaan: Boom","06"
"560","2022","04","21",2022-04-01,2022-04-01 21:00:00,2023-12-12 21:00:00,"53084","Waals Gewest","Provincie Henegouwen","Quévy",50.375282859,4.04021346500002,"Buiten Kruispunt","Normaal","Droog+Proper","buiten bebouwde kom","Nacht, geen openbare verlichting aanwezig","Gewestweg","Met doden","personenauto","een weggebruiker tegen een hindernis","Weggebruiker tegen hindernis buiten rijbaan","Buiten de rijbaan: Boom","21"
"561","2020","02","19",2020-02-01,2020-02-01 19:00:00,2023-12-12 19:00:00,"11002","Vlaams Gewest","Provincie Antwerpen","Antwerpen",51.1894367680001,4.37746878300004,"Buiten Kruispunt","Onbekend","Nat, plassen","binnen bebouwde kom","Nacht, openbare verlichting aanwezig en ontstoken","Gewestweg","Met doden","Andere weggebruiker","Voetganger","Met een voetganger","Geen hindernis","19"
"562","2020","08","10",2020-08-01,2020-08-01 10:00:00,2023-12-12 10:00:00,"11002","Vlaams Gewest","Provincie Antwerpen","Antwerpen",51.192032764,4.38015222000007,"Buiten Kruispunt","Normaal","Droog","binnen bebouwde kom","Dag","Gewestweg","Met doden","Andere weggebruiker","Voetganger","Met een voetganger","Geen hindernis","10"
"563","2020","02","18",2020-02-01,2020-02-01 18:00:00,2023-12-12 18:00:00,"11013","Vlaams Gewest","Provincie Antwerpen","Edegem",51.1581623550001,4.43017626500006,"Buiten Kruispunt","Normaal","Nat, plassen","buiten bebouwde kom","Dageraad - schemering","Gewestweg","dodelijk gewonden","personenauto","Voetganger","Met een voetganger","Geen hindernis","18"
"564","2020","02","16",2020-02-01,2020-02-01 16:00:00,2023-12-12 16:00:00,"11002","Vlaams Gewest","Provincie Antwerpen","Antwerpen",51.2602556000001,4.38871056100004,"Buiten Kruispunt","Normaal","Droog","binnen bebouwde kom","Dag","Gemeenteweg","Met doden","Motorfiets","één bestuurder, geen hindernis","Eén bestuurder, geen hindernis (incl. val)","Geen hindernis","16"
"565","2022","09","15",2022-09-01,2022-09-01 15:00:00,2023-12-12 15:00:00,"11002","Vlaams Gewest","Provincie Antwerpen","Antwerpen",51.257832152,4.38421464500004,"Op Kruispunt","Normaal","Droog","buiten bebouwde kom","Dag","Gemeenteweg","Met doden","Vrachtwagen","Motorfiets","Tss. 2 best.: langs opzij (voor-/achterkant-flank)","Geen hindernis","15"
"566","2020","05","06",2020-05-01,2020-05-01 06:00:00,2023-12-12 06:00:00,"44013","Vlaams Gewest","Provincie Oost-Vlaanderen","Destelbergen",51.0513262160001,3.82693969900004,"Buiten Kruispunt","Normaal","Droog","buiten bebouwde kom","Dag","Autosnelweg","Met doden","Vrachtwagen","Vrachtwagen","Kettingbotsing (3 bestuurders of meer)","Geen hindernis","06"
"567","2020","05","15",2020-05-01,2020-05-01 15:00:00,2023-12-12 15:00:00,"56029","Waals Gewest","Provincie Henegouwen","Froidchapelle",50.167231266,4.32747726300005,"Buiten Kruispunt","Normaal","Proper","buiten bebouwde kom","Dag","Gemeenteweg","Met doden","personenauto","een weggebruiker tegen een hindernis","Weggebruiker tegen hindernis buiten rijbaan","Buiten de rijbaan: Boom","15"
"568","2022","04","04",2022-04-01,2022-04-01 04:00:00,2023-12-12 04:00:00,"56029","Waals Gewest","Provincie Henegouwen","Froidchapelle",50.164500215,4.32690151100007,"Buiten Kruispunt","Normaal","Droog+Proper","buiten bebouwde kom","Nacht, geen openbare verlichting aanwezig","Gemeenteweg","Met doden","personenauto","Voetganger","Met een voetganger","Geen hindernis","04"
"569","2020","05","11",2020-05-01,2020-05-01 11:00:00,2023-12-12 11:00:00,"11002","Vlaams Gewest","Provincie Antwerpen","Antwerpen",51.2026446030001,4.46278463600004,"Buiten Kruispunt","Normaal","Droog","binnen bebouwde kom","Dag","Gemeenteweg","Met doden","Andere weggebruiker","Voetganger","Met een voetganger","Geen hindernis","11"
"570","2021","03","00",2021-03-01,2021-03-01 00:00:00,2023-12-12 00:00:00,"11002","Vlaams Gewest","Provincie Antwerpen","Antwerpen",51.2048461860001,4.45837623200003,"Buiten Kruispunt","Normaal","Droog","binnen bebouwde kom","Nacht, openbare verlichting aanwezig en ontstoken","Gemeenteweg","dodelijk gewonden","onbekend","onbekend","Andere of onbekend","Geen vermelding van de aanwezigheid van een hindernis","00"
"571","2020","05","00",2020-05-01,2020-05-01 00:00:00,2023-12-12 00:00:00,"71066","Vlaams Gewest","Provincie Limburg","Zonhoven",50.9916860180001,5.39239324500005,"Buiten Kruispunt","Onbekend","Droog","buiten bebouwde kom","Nacht, openbare verlichting aanwezig en ontstoken","Gemeenteweg","Met doden","personenauto","een weggebruiker tegen een hindernis","Weggebruiker tegen hindernis buiten rijbaan","Buiten de rijbaan: Muur gebouw","00"
"572","2021","10","11",2021-10-01,2021-10-01 11:00:00,2023-12-12 11:00:00,"71066","Vlaams Gewest","Provincie Limburg","Zonhoven",50.9914024180001,5.39688304600003,"Buiten Kruispunt","Normaal","Droog","buiten bebouwde kom","Dag","Gemeenteweg","dodelijk gewonden","personenauto","Fiets","Tss. 2 best.: langs opzij (voor-/achterkant-flank)","Geen hindernis","11"
"573","2020","06","09",2020-06-01,2020-06-01 09:00:00,2023-12-12 09:00:00,"44034","Vlaams Gewest","Provincie Oost-Vlaanderen","Lochristi",51.0700981730001,3.90666035000004,"Buiten Kruispunt","Normaal","Droog","buiten bebouwde kom","Dag","Autosnelweg","Met doden","Vrachtwagen","Vrachtwagen","Kettingbotsing (3 bestuurders of meer)","Geen hindernis","09"
"574","2021","10","15",2021-10-01,2021-10-01 15:00:00,2023-12-12 15:00:00,"44034","Vlaams Gewest","Provincie Oost-Vlaanderen","Lochristi",51.069621284,3.90250408100008,"Buiten Kruispunt","Normaal","Droog","buiten bebouwde kom","Dag","Autosnelweg","Met doden","personenauto","één bestuurder, geen hindernis","Eén bestuurder, geen hindernis (incl. val)","Geen hindernis","15"
"575","2020","06","03",2020-06-01,2020-06-01 03:00:00,2023-12-12 03:00:00,"62009","Waals Gewest","Provincie Luik","Aywaille",50.477521456,5.71716009700003,"Buiten Kruispunt","Normaal","Droog+Proper","buiten bebouwde kom","Nacht, openbare verlichting aanwezig en ontstoken","Autosnelweg","Met doden","personenauto","een weggebruiker tegen een hindernis","Weggebruiker tegen hindernis buiten rijbaan","Buiten de rijbaan: Andere paal","03"
"576","2022","10","11",2022-10-01,2022-10-01 11:00:00,2023-12-12 11:00:00,"62009","Waals Gewest","Provincie Luik","Aywaille",50.4776360070001,5.71323716600006,"Buiten Kruispunt","Normaal","Droog","buiten bebouwde kom","Dag","Gewestweg","Met doden","personenauto","Fiets","Tss. 2 best.: langs opzij (voor-/achterkant-flank)","Geen hindernis","11"
"577","2020","06","13",2020-06-01,2020-06-01 13:00:00,2023-12-12 13:00:00,"83034","Waals Gewest","Provincie Luxemburg","Marche-en-Famenne",50.236033574,5.34460136300004,"Buiten Kruispunt","Normaal","Droog+Proper","binnen bebouwde kom","Dag","Gewestweg","Met doden","Motorfiets","een weggebruiker tegen een hindernis","Weggebruiker tegen hindernis buiten rijbaan","Buiten de rijbaan: Boom","13"
"578","2020","07","08",2020-07-01,2020-07-01 08:00:00,2023-12-12 08:00:00,"83034","Waals Gewest","Provincie Luxemburg","Marche-en-Famenne",50.2328999530001,5.34432318700004,"Buiten Kruispunt","Regenval","Nat, plassen","binnen bebouwde kom","Dag","Gewestweg","Met doden","personenauto","Voetganger","Met een voetganger","Geen hindernis","08"
"579","2020","06","01",2020-06-01,2020-06-01 01:00:00,2023-12-12 01:00:00,"44021","Vlaams Gewest","Provincie Oost-Vlaanderen","Gent",51.056691646,3.73357108000005,"Op Kruispunt","Normaal","Droog","binnen bebouwde kom","Nacht, openbare verlichting aanwezig en ontstoken","Gemeenteweg","Met doden","personenauto","een weggebruiker tegen een hindernis","Weggebruiker tegen hindernis buiten rijbaan","Andere hindernis","01"
"580","2022","06","06",2022-06-01,2022-06-01 06:00:00,2023-12-12 06:00:00,"44021","Vlaams Gewest","Provincie Oost-Vlaanderen","Gent",51.0548835050001,3.73353908300004,"Buiten Kruispunt","Normaal","Droog","binnen bebouwde kom","Dag","Gemeenteweg","Met doden","personenauto","een weggebruiker tegen een hindernis","Weggebruiker tegen hindernis buiten rijbaan","Buiten de rijbaan: Vangrails overschreden","06"
"581","2020","07","20",2020-07-01,2020-07-01 20:00:00,2023-12-12 20:00:00,"63035","Waals Gewest","Provincie Luik","Herve",50.6616742630001,5.78541974900003,"Buiten Kruispunt","Normaal","Droog","buiten bebouwde kom","Dag","Gewestweg","Met doden","personenauto","een weggebruiker tegen een hindernis","Weggebruiker tegen hindernis buiten rijbaan","Buiten de rijbaan: Boom","20"
"582","2021","06","09",2021-06-01,2021-06-01 09:00:00,2023-12-12 09:00:00,"63035","Waals Gewest","Provincie Luik","Herve",50.6601122920001,5.78758111700006,"Buiten Kruispunt","Normaal","Droog","buiten bebouwde kom","Dag","Gewestweg","Met doden","Lichte vrachtauto","een weggebruiker tegen een hindernis","Weggebruiker tegen hindernis buiten rijbaan","Buiten de rijbaan: Boom","09"
"583","2020","07","15",2020-07-01,2020-07-01 15:00:00,2023-12-12 15:00:00,"52011","Waals Gewest","Provincie Henegouwen","Charleroi",50.3861170010001,4.46059380000003,"Buiten Kruispunt","Normaal","Proper","binnen bebouwde kom","Dag","Gemeenteweg","dodelijk gewonden","Motorfiets","een weggebruiker tegen een hindernis","Weggebruiker tegen hindernis buiten rijbaan","Buiten de rijbaan: Muur gebouw","15"
"584","2021","06","10",2021-06-01,2021-06-01 10:00:00,2023-12-12 10:00:00,"52011","Waals Gewest","Provincie Henegouwen","Charleroi",50.389884168,4.46004195600005,"Buiten Kruispunt","Normaal","Droog","binnen bebouwde kom","Dag","Gewestweg","Met doden","Vrachtwagen","Voetganger","Met een voetganger","Geen hindernis","10"
"585","2020","09","04",2020-09-01,2020-09-01 04:00:00,2023-12-12 04:00:00,"13029","Vlaams Gewest","Provincie Antwerpen","Olen",51.147083663,4.87636496400006,"Buiten Kruispunt","Normaal","Droog","buiten bebouwde kom","Nacht, openbare verlichting aanwezig en ontstoken","Autosnelweg","Met doden","personenauto","Vrachtwagen","Tussen 2 bestuurders: Langs achteren","Geen hindernis","04"
"586","2021","10","05",2021-10-01,2021-10-01 05:00:00,2023-12-12 05:00:00,"13029","Vlaams Gewest","Provincie Antwerpen","Olen",51.1487631620001,4.87794112300003,"Buiten Kruispunt","Normaal","Droog","buiten bebouwde kom","Nacht, openbare verlichting aanwezig en ontstoken","Gemeenteweg","Met doden","Lichte vrachtauto","Bromfiets","Tss. 2 best.: langs opzij (voor-/achterkant-flank)","Geen hindernis","05"
"587","2020","09","09",2020-09-01,2020-09-01 09:00:00,2023-12-12 09:00:00,"44034","Vlaams Gewest","Provincie Oost-Vlaanderen","Lochristi",51.0607532070001,3.86237526600007,"Buiten Kruispunt","Normaal","Droog","buiten bebouwde kom","Dag","Autosnelweg","dodelijk gewonden","Vrachtwagen","personenauto","Kettingbotsing (3 bestuurders of meer)","Geen hindernis","09"
"588","2022","09","01",2022-09-01,2022-09-01 01:00:00,2023-12-12 01:00:00,"44034","Vlaams Gewest","Provincie Oost-Vlaanderen","Lochristi",51.0596331740001,3.85847085200004,"Buiten Kruispunt","Normaal","Droog","buiten bebouwde kom","Nacht, openb. verlicht. aanw., maar niet ontstoken","Autosnelweg","Met doden","Motorfiets","Vrachtwagen","Tussen 2 bestuurders: Langs achteren","Geen hindernis","01"
"589","2020","10","12",2020-10-01,2020-10-01 12:00:00,2023-12-12 12:00:00,"34022","Vlaams Gewest","Provincie West-Vlaanderen","Kortrijk",50.8218501280001,3.22415538200005,"Buiten Kruispunt","Normaal","Droog","buiten bebouwde kom","Dag","Autosnelweg","Met doden","personenauto","personenauto","Tussen 2 bestuurders: Flank tegen flank","Geen hindernis","12"
"590","2022","05","20",2022-05-01,2022-05-01 20:00:00,2023-12-12 20:00:00,"34022","Vlaams Gewest","Provincie West-Vlaanderen","Kortrijk",50.8217588590001,3.22398278200006,"Buiten Kruispunt","Normaal","Droog","buiten bebouwde kom","Dag","Autosnelweg","dodelijk gewonden","Motorfiets","een weggebruiker tegen een hindernis","Weggebruiker tegen hindernis buiten rijbaan","Buiten de rijbaan: Andere paal","20"
"591","2020","09","08",2020-09-01,2020-09-01 08:00:00,2023-12-12 08:00:00,"62063","Waals Gewest","Provincie Luik","Luik",50.629536462,5.57798636500007,"Op Kruispunt","Normaal","Droog","binnen bebouwde kom","Dag","Gewestweg","dodelijk gewonden","personenauto","een weggebruiker tegen een hindernis","Weggebruiker tegen hindernis buiten rijbaan","Buiten de rijbaan: Vangrails overschreden","08"
"592","2020","09","14",2020-09-01,2020-09-01 14:00:00,2023-12-12 14:00:00,"93056","Waals Gewest","Provincie Namen","Philippeville",50.1906778960001,4.60464298000005,"Buiten Kruispunt","Normaal","Droog+Proper","buiten bebouwde kom","Dag","Gewestweg","Met doden","Lichte vrachtauto","een weggebruiker tegen een hindernis","Weggebruiker tegen hindernis buiten rijbaan","Buiten de rijbaan: Vangrails niet overgestoken","14"
"593","2021","01","21",2021-01-01,2021-01-01 21:00:00,2023-12-12 21:00:00,"93056","Waals Gewest","Provincie Namen","Philippeville",50.188540163,4.61030089300004,"Op Kruispunt","Mist (zichtbaarheid minder dan 100m)","Nat, plassen","binnen bebouwde kom","Nacht, openbare verlichting aanwezig en ontstoken","Gewestweg","dodelijk gewonden","personenauto","een weggebruiker tegen een hindernis","Weggebruiker tegen hindernis buiten rijbaan","Buiten de rijbaan: Muur gebouw","21"