"","DT_YEAR_COLLISION","DT_MONTH_COLLISION","DT_TIME","YEAR_MONTH_DAY","YEAR_MONTH_DAY_HOUR","TIME_DT","CD_NIS","TX_RGN_COLLISION_NL","TX_PROV_COLLISION_NL","TX_MUNTY_COLLISION_NL","LAT_WGS84","LONG_WGS84","TX_CROSSWAY_NL","TX_WEATHER_NL","TX_ROAD_CONDITION_NL","TX_BUILD_UP_AREA_NL","TX_LIGHT_CONDITION_NL","CD_ROAD_TYPE_NL","TX_CLASS_ACCIDENTS_NL","TX_ROAD_USR_TYPE1_NL","TX_ROAD_USR_TYPE2_NL","TX_COLLISION_TYPE_NL","TX_OBSTACLES_NL","HOUR"
"594","2020","09","06",2020-09-01,2020-09-01 06:00:00,2023-12-12 06:00:00,"52015","Waals Gewest","Provincie Henegouwen","Courcelles",50.458960781,4.38020516000006,"Buiten Kruispunt","Regenval","Nat, plassen","binnen bebouwde kom","Dageraad - schemering","Gewestweg","Met doden","personenauto","een weggebruiker tegen een hindernis","Weggebruiker tegen hindernis buiten rijbaan","Andere hindernis","06"
"595","2022","10","10",2022-10-01,2022-10-01 10:00:00,2023-12-12 10:00:00,"52015","Waals Gewest","Provincie Henegouwen","Courcelles",50.462005708,4.37733716100007,"Buiten Kruispunt","Normaal","Droog","binnen bebouwde kom","Dag","Gewestweg","dodelijk gewonden","personenauto","personenauto","Tss. 2 best.: langs opzij (voor-/achterkant-flank)","Geen hindernis","10"
"596","2022","05","16",2022-05-01,2022-05-01 16:00:00,2023-12-12 16:00:00,"11002","Vlaams Gewest","Provincie Antwerpen","Antwerpen",51.1945948000001,4.38261385500005,"Op Kruispunt","Normaal","Droog","binnen bebouwde kom","Dag","Gewestweg","dodelijk gewonden","personenauto","Motorfiets","Tss. 2 best.: langs opzij (voor-/achterkant-flank)","Geen hindernis","16"
"597","2022","05","18",2022-05-01,2022-05-01 18:00:00,2023-12-12 18:00:00,"71070","Vlaams Gewest","Provincie Limburg","Heusden-Zolder",51.038560961,5.32685382100004,"Buiten Kruispunt","Normaal","Droog","buiten bebouwde kom","Dag","Gewestweg","Met doden","personenauto","Voetganger","Met een voetganger","Geen hindernis","18"
"598","2020","10","17",2020-10-01,2020-10-01 17:00:00,2023-12-12 17:00:00,"61003","Waals Gewest","Provincie Luik","Amay",50.5455829970001,5.31293393300007,"Buiten Kruispunt","Normaal","Nat, plassen","binnen bebouwde kom","Dageraad - schemering","Gewestweg","Met doden","personenauto","personenauto","Tussen 2 bestuurders: Frontale botsing","Geen hindernis","17"
"599","2021","03","16",2021-03-01,2021-03-01 16:00:00,2023-12-12 16:00:00,"61003","Waals Gewest","Provincie Luik","Amay",50.546794865,5.31237954500006,"Op Kruispunt","Normaal","Droog+Proper","binnen bebouwde kom","Dag","Gewestweg","Met doden","Motorfiets","personenauto","Tss. 2 best.: langs opzij (voor-/achterkant-flank)","Geen hindernis","16"
"600","2021","10","11",2021-10-01,2021-10-01 11:00:00,2023-12-12 11:00:00,"61003","Waals Gewest","Provincie Luik","Amay",50.5478013410001,5.31793980000003,"Buiten Kruispunt","Normaal","Proper","binnen bebouwde kom","Dag","Gewestweg","Met doden","Vrachtwagen","Voetganger","Met een voetganger","Geen hindernis","11"
"601","2020","10","09",2020-10-01,2020-10-01 09:00:00,2023-12-12 09:00:00,"63061","Waals Gewest","Provincie Luik","Raeren",50.6984099210001,6.07785519300006,"Buiten Kruispunt","Onbekend","Onbekend","buiten bebouwde kom","Dag","Autosnelweg","Met doden","Voetganger","Vrachtwagen","Met een voetganger","Geen hindernis","09"
"602","2020","12","18",2020-12-01,2020-12-01 18:00:00,2023-12-12 18:00:00,"63061","Waals Gewest","Provincie Luik","Raeren",50.7010628290001,6.08357094900003,"Buiten Kruispunt","Normaal","Droog+Proper","buiten bebouwde kom","Nacht, openbare verlichting aanwezig en ontstoken","Autosnelweg","dodelijk gewonden","personenauto","een weggebruiker tegen een hindernis","Weggebruiker tegen hindernis buiten rijbaan","Buiten de rijbaan: Vangrails overschreden","18"
"603","2020","10","21",2020-10-01,2020-10-01 21:00:00,2023-12-12 21:00:00,"57097","Waals Gewest","Provincie Henegouwen","Komen-Waasten",50.72943099,2.91252415800005,"Buiten Kruispunt","Normaal","Droog","buiten bebouwde kom","Nacht, geen openbare verlichting aanwezig","Gemeenteweg","Met doden","personenauto","Fiets","Tussen 2 bestuurders: Langs achteren","Geen hindernis","21"
"604","2021","09","15",2021-09-01,2021-09-01 15:00:00,2023-12-12 15:00:00,"57097","Waals Gewest","Provincie Henegouwen","Komen-Waasten",50.7324545430001,2.91166230200003,"Op Kruispunt","Normaal","Droog+Proper","binnen bebouwde kom","Dag","Gemeenteweg","Met doden","personenauto","Bromfiets","Tss. 2 best.: langs opzij (voor-/achterkant-flank)","Geen hindernis","15"
"605","2020","10","20",2020-10-01,2020-10-01 20:00:00,2023-12-12 20:00:00,"55040","Waals Gewest","Provincie Henegouwen","Zinnik",50.604511044,4.05809176400004,"Buiten Kruispunt","Normaal","Proper","buiten bebouwde kom","Nacht, geen openbare verlichting aanwezig","Gewestweg","Met doden","personenauto","personenauto","Kettingbotsing (3 bestuurders of meer)","Geen hindernis","20"
"606","2022","03","03",2022-03-01,2022-03-01 03:00:00,2023-12-12 03:00:00,"55040","Waals Gewest","Provincie Henegouwen","Zinnik",50.6085811390001,4.05729527000005,"Buiten Kruispunt","Normaal","Droog+Proper","buiten bebouwde kom","Nacht, openbare verlichting aanwezig en ontstoken","Gewestweg","Met doden","personenauto","een weggebruiker tegen een hindernis","Weggebruiker tegen hindernis buiten rijbaan","Buiten de rijbaan: Boom","03"
"607","2020","10","10",2020-10-01,2020-10-01 10:00:00,2023-12-12 10:00:00,"11002","Vlaams Gewest","Provincie Antwerpen","Antwerpen",51.2201840000001,4.37943741700008,"Buiten Kruispunt","Andere (dikke rook,...)","Droog","binnen bebouwde kom","Dag","Gewestweg","Met doden","Voetganger","Autobus","Met een voetganger","Geen hindernis","10"
"608","2021","09","10",2021-09-01,2021-09-01 10:00:00,2023-12-12 10:00:00,"11002","Vlaams Gewest","Provincie Antwerpen","Antwerpen",51.2202915880001,4.38599850600002,"Buiten Kruispunt","Normaal","Droog","binnen bebouwde kom","Dag","Gewestweg","dodelijk gewonden","personenauto","Voetganger","Met een voetganger","Geen hindernis","10"
"609","2020","10","20",2020-10-01,2020-10-01 20:00:00,2023-12-12 20:00:00,"11002","Vlaams Gewest","Provincie Antwerpen","Antwerpen",51.2442188420001,4.42071546000005,"Buiten Kruispunt","Normaal","Droog","buiten bebouwde kom","Nacht, openbare verlichting aanwezig en ontstoken","Gewestweg","dodelijk gewonden","onbekend","onbekend","Andere of onbekend","Geen vermelding van de aanwezigheid van een hindernis","20"
"610","2021","06","08",2021-06-01,2021-06-01 08:00:00,2023-12-12 08:00:00,"11002","Vlaams Gewest","Provincie Antwerpen","Antwerpen",51.2481547730001,4.42076870600005,"Buiten Kruispunt","Normaal","Droog","binnen bebouwde kom","Dag","Gemeenteweg","dodelijk gewonden","Vrachtwagen","Voetganger","Met een voetganger","Geen hindernis","08"
"611","2020","11","23",2020-11-01,2020-11-01 23:00:00,2023-12-12 23:00:00,"46013","Vlaams Gewest","Provincie Oost-Vlaanderen","Kruibeke",51.1835138770001,4.28756782000005,"Buiten Kruispunt","Normaal","Droog","buiten bebouwde kom","Nacht, openbare verlichting aanwezig en ontstoken","Autosnelweg","dodelijk gewonden","personenauto","personenauto","Tussen 2 bestuurders: Langs achteren","Geen hindernis","23"
"612","2022","04","13",2022-04-01,2022-04-01 13:00:00,2023-12-12 13:00:00,"46003","Vlaams Gewest","Provincie Oost-Vlaanderen","Beveren (Sint-Niklaas)",51.181802271,4.28253399400006,"Buiten Kruispunt","Normaal","Droog","buiten bebouwde kom","Dag","Autosnelweg","Met doden","Motorfiets","één bestuurder, geen hindernis","Eén bestuurder, geen hindernis (incl. val)","Geen hindernis","13"
"613","2020","11","21",2020-11-01,2020-11-01 21:00:00,2023-12-12 21:00:00,"58001","Waals Gewest","Provincie Henegouwen","La Louvière",50.4534614790001,4.15381114100006,"Buiten Kruispunt","Regenval","Nat, plassen","buiten bebouwde kom","Nacht, openbare verlichting aanwezig en ontstoken","Gewestweg","dodelijk gewonden","personenauto","personenauto","Kettingbotsing (3 bestuurders of meer)","Geen hindernis","21"
"614","2022","11","08",2022-11-01,2022-11-01 08:00:00,2023-12-12 08:00:00,"58001","Waals Gewest","Provincie Henegouwen","La Louvière",50.454727038,4.15211932000005,"Buiten Kruispunt","Regenval","Nat, plassen+Proper","buiten bebouwde kom","Nacht, openb. verlicht. aanw., maar niet ontstoken","Gewestweg","Met doden","personenauto","een weggebruiker tegen een hindernis","Weggebruiker tegen hindernis buiten rijbaan","Buiten de rijbaan: Verkeerseiland, middenberm","08"
"615","2020","11","08",2020-11-01,2020-11-01 08:00:00,2023-12-12 08:00:00,"91005","Waals Gewest","Provincie Namen","Anhée",50.3399956050001,4.86031454300007,"Buiten Kruispunt","Regenval","Nat, plassen","buiten bebouwde kom","Dag","Gewestweg","Met doden","personenauto","personenauto","Tussen 2 bestuurders: Frontale botsing","Geen hindernis","08"
"616","2021","07","23",2021-07-01,2021-07-01 23:00:00,2023-12-12 23:00:00,"91005","Waals Gewest","Provincie Namen","Anhée",50.3399956050001,4.86031454300007,"Buiten Kruispunt","Normaal","Onbekend","buiten bebouwde kom","Nacht, openbare verlichting aanwezig en ontstoken","Gewestweg","dodelijk gewonden","Lichte vrachtauto","Motorfiets","Tussen 2 bestuurders: Frontale botsing","Geen hindernis","23"
"617","2020","11","13",2020-11-01,2020-11-01 13:00:00,2023-12-12 13:00:00,"72018","Vlaams Gewest","Provincie Limburg","Kinrooi",51.1458075570001,5.72117809400004,"Buiten Kruispunt","Normaal","Droog","buiten bebouwde kom","Dag","Gewestweg","Met doden","Motorfiets","personenauto","Tussen 2 bestuurders: Frontale botsing","Geen hindernis","13"
"618","2021","05","13",2021-05-01,2021-05-01 13:00:00,2023-12-12 13:00:00,"72018","Vlaams Gewest","Provincie Limburg","Kinrooi",51.1457493,5.72624003700003,"Op Kruispunt","Normaal","Droog","buiten bebouwde kom","Dag","Gewestweg","Met doden","personenauto","personenauto","Tussen 2 bestuurders: Frontale botsing","Geen hindernis","13"
"619","2021","07","19",2021-07-01,2021-07-01 19:00:00,2023-12-12 19:00:00,"92142","Waals Gewest","Provincie Namen","Gembloux",50.5395675440001,4.64575964000005,"Buiten Kruispunt","Normaal","Droog","buiten bebouwde kom","Dag","Gewestweg","Met doden","personenauto","personenauto","Tussen 2 bestuurders: Flank tegen flank","Geen hindernis","19"
"620","2020","12","10",2020-12-01,2020-12-01 10:00:00,2023-12-12 10:00:00,"57097","Waals Gewest","Provincie Henegouwen","Komen-Waasten",50.7708104230001,2.99777088400003,"Buiten Kruispunt","Normaal","Nat, plassen","binnen bebouwde kom","Dag","Gemeenteweg","dodelijk gewonden","onbekend","onbekend","Andere of onbekend","Geen vermelding van de aanwezigheid van een hindernis","10"
"621","2021","04","14",2021-04-01,2021-04-01 14:00:00,2023-12-12 14:00:00,"57097","Waals Gewest","Provincie Henegouwen","Komen-Waasten",50.7710341960001,2.99629101200003,"Buiten Kruispunt","Normaal","Droog+Proper","binnen bebouwde kom","Dag","Gemeenteweg","dodelijk gewonden","personenauto","Voetganger","Met een voetganger","Geen hindernis","14"
"622","2020","12","05",2020-12-01,2020-12-01 05:00:00,2023-12-12 05:00:00,"53068","Waals Gewest","Provincie Henegouwen","Quiévrain",50.3910115570001,3.69646093800003,"Buiten Kruispunt","Normaal","Nat, plassen","binnen bebouwde kom","Nacht, openbare verlichting aanwezig en ontstoken","Gemeenteweg","Met doden","personenauto","een weggebruiker tegen een hindernis","Weggebruiker tegen hindernis buiten rijbaan","Buiten de rijbaan: Verkeerseiland, middenberm","05"
"623","2021","07","19",2021-07-01,2021-07-01 19:00:00,2023-12-12 19:00:00,"53068","Waals Gewest","Provincie Henegouwen","Quiévrain",50.388144772,3.69616414600006,"Buiten Kruispunt","Normaal","Droog","binnen bebouwde kom","Dag","Gemeenteweg","Met doden","Andere weggebruiker","een weggebruiker tegen een hindernis","Weggebruiker tegen hindernis buiten rijbaan","Buiten de rijbaan: Muur gebouw","19"
"624","2021","01","11",2021-01-01,2021-01-01 11:00:00,2023-12-12 11:00:00,"24055","Vlaams Gewest","Provincie Vlaams-Brabant","Kortenberg",50.8694484690001,4.53098734800005,"Buiten Kruispunt","Normaal","Droog","buiten bebouwde kom","Dag","Autosnelweg","Met doden","personenauto","personenauto","Tussen 2 bestuurders: Langs achteren","Geen hindernis","11"
"625","2022","03","11",2022-03-01,2022-03-01 11:00:00,2023-12-12 11:00:00,"24055","Vlaams Gewest","Provincie Vlaams-Brabant","Kortenberg",50.8694317170001,4.53809048400007,"Buiten Kruispunt","Normaal","Droog","buiten bebouwde kom","Dag","Autosnelweg","Met doden","Lichte vrachtauto","Vrachtwagen","Tussen 2 bestuurders: Langs achteren","Geen hindernis","11"
"626","2021","02","13",2021-02-01,2021-02-01 13:00:00,2023-12-12 13:00:00,"34022","Vlaams Gewest","Provincie West-Vlaanderen","Kortrijk",50.7887359090001,3.22948585300003,"Buiten Kruispunt","Regenval","Nat, plassen","buiten bebouwde kom","Dag","Autosnelweg","Met doden","Vrachtwagen","Vrachtwagen","Kettingbotsing (3 bestuurders of meer)","Geen hindernis","13"
"627","2022","07","00",2022-07-01,2022-07-01 00:00:00,2023-12-12 00:00:00,"34022","Vlaams Gewest","Provincie West-Vlaanderen","Kortrijk",50.788388395,3.23137826600004,"Buiten Kruispunt","Normaal","Nat, plassen","buiten bebouwde kom","Nacht, openbare verlichting aanwezig en ontstoken","Autosnelweg","Met doden","Motorfiets","een weggebruiker tegen een hindernis","Weggebruiker tegen hindernis buiten rijbaan","Buiten de rijbaan: Vangrails niet overgestoken","00"
"628","2021","03","16",2021-03-01,2021-03-01 16:00:00,2023-12-12 16:00:00,"34022","Vlaams Gewest","Provincie West-Vlaanderen","Kortrijk",50.828927933,3.26347006200007,"Op Kruispunt","Normaal","Droog","binnen bebouwde kom","Dag","Gemeenteweg","dodelijk gewonden","Lichte vrachtauto","Voetganger","Met een voetganger","Geen hindernis","16"
"629","2021","07","00",2021-07-01,2021-07-01 00:00:00,2023-12-12 00:00:00,"34022","Vlaams Gewest","Provincie West-Vlaanderen","Kortrijk",50.8293481860001,3.26440190600005,"Buiten Kruispunt","Normaal","Droog","binnen bebouwde kom","Nacht, openbare verlichting aanwezig en ontstoken","Gemeenteweg","Met doden","personenauto","Voetganger","Met een voetganger","Geen hindernis","00"
"630","2021","04","23",2021-04-01,2021-04-01 23:00:00,2023-12-12 23:00:00,"58003","Waals Gewest","Provincie Henegouwen","Estinnes",50.3370834900001,4.09156206200004,"Buiten Kruispunt","Normaal","Proper","buiten bebouwde kom","Nacht, geen openbare verlichting aanwezig","Gewestweg","Met doden","personenauto","Bromfiets","Tss. 2 best.: langs opzij (voor-/achterkant-flank)","Geen hindernis","23"
"631","2022","12","08",2022-12-01,2022-12-01 08:00:00,2023-12-12 08:00:00,"58003","Waals Gewest","Provincie Henegouwen","Estinnes",50.339371876,4.08753934800006,"Buiten Kruispunt","Normaal","Proper","buiten bebouwde kom","Dag","Gewestweg","Met doden","Lichte vrachtauto","een weggebruiker tegen een hindernis","Weggebruiker tegen hindernis buiten rijbaan","Buiten de rijbaan: Boom","08"
"632","2021","06","16",2021-06-01,2021-06-01 16:00:00,2023-12-12 16:00:00,"11005","Vlaams Gewest","Provincie Antwerpen","Boom",51.0876866360001,4.36012420800006,"Buiten Kruispunt","Normaal","Droog","buiten bebouwde kom","Dag","Autosnelweg","Met doden","Vrachtwagen","Voetganger","Met een voetganger","Geen hindernis","16"
"633","2022","03","17",2022-03-01,2022-03-01 17:00:00,2023-12-12 17:00:00,"11005","Vlaams Gewest","Provincie Antwerpen","Boom",51.0876866360001,4.36012420800006,"Buiten Kruispunt","Normaal","Droog","buiten bebouwde kom","Dag","Autosnelweg","Met doden","personenauto","Voetganger","Met een voetganger","Geen hindernis","17"
"634","2021","06","09",2021-06-01,2021-06-01 09:00:00,2023-12-12 09:00:00,"71066","Vlaams Gewest","Provincie Limburg","Zonhoven",50.9949121380001,5.36907237100007,"Op Kruispunt","Normaal","Droog","binnen bebouwde kom","Dag","Gewestweg","dodelijk gewonden","onbekend","onbekend","Andere of onbekend","Geen vermelding van de aanwezigheid van een hindernis","09"
"635","2022","02","13",2022-02-01,2022-02-01 13:00:00,2023-12-12 13:00:00,"71066","Vlaams Gewest","Provincie Limburg","Zonhoven",50.991167139,5.36830385200005,"Op Kruispunt","Normaal","Droog","binnen bebouwde kom","Dag","Gewestweg","dodelijk gewonden","personenauto","Fiets","Tss. 2 best.: langs opzij (voor-/achterkant-flank)","Geen hindernis","13"
"636","2021","10","17",2021-10-01,2021-10-01 17:00:00,2023-12-12 17:00:00,"11008","Vlaams Gewest","Provincie Antwerpen","Brasschaat",51.29904264,4.47868832700004,"Buiten Kruispunt","Onbekend","Onbekend","onbekend","Onbekend","Gemeenteweg","Met doden","onbekend","onbekend","Geen vermelding van de type aanrijding","Geen vermelding van de type aanrijding","17"
"637","2022","08","21",2022-08-01,2022-08-01 21:00:00,2023-12-12 21:00:00,"11008","Vlaams Gewest","Provincie Antwerpen","Brasschaat",51.2994302910001,4.48304927800007,"Buiten Kruispunt","Normaal","Droog","binnen bebouwde kom","Nacht, openbare verlichting aanwezig en ontstoken","Gemeenteweg","dodelijk gewonden","Fiets","een weggebruiker tegen een hindernis","Weggebruiker tegen hindernis op de rijbaan","Op de rijbaan: Werken (signal., aarde, toestel,…)","21"
"638","2022","10","05",2022-10-01,2022-10-01 05:00:00,2023-12-12 05:00:00,"11002","Vlaams Gewest","Provincie Antwerpen","Antwerpen",51.19738941,4.43054418100007,"Buiten Kruispunt","Normaal","Droog","buiten bebouwde kom","Onbekend","Gewestweg","dodelijk gewonden","Fiets","één bestuurder, geen hindernis","Eén bestuurder, geen hindernis (incl. val)","Geen hindernis","05"
"639","2021","11","09",2021-11-01,2021-11-01 09:00:00,2023-12-12 09:00:00,"71053","Vlaams Gewest","Provincie Limburg","Sint-Truiden",50.8130646490001,5.18456848900007,"Op Kruispunt","Normaal","Droog","binnen bebouwde kom","Dag","Gemeenteweg","dodelijk gewonden","Lichte vrachtauto","Voetganger","Met een voetganger","Geen hindernis","09"
"640","2022","06","09",2022-06-01,2022-06-01 09:00:00,2023-12-12 09:00:00,"71053","Vlaams Gewest","Provincie Limburg","Sint-Truiden",50.8125110600001,5.17839790300008,"Buiten Kruispunt","Normaal","Droog","binnen bebouwde kom","Dag","Gemeenteweg","dodelijk gewonden","Lichte vrachtauto","Voetganger","Met een voetganger","Geen hindernis","09"
"641","2021","11","21",2021-11-01,2021-11-01 21:00:00,2023-12-12 21:00:00,"38002","Vlaams Gewest","Provincie West-Vlaanderen","Alveringem",50.9841312280001,2.68994536300005,"Buiten Kruispunt","Normaal","Droog","binnen bebouwde kom","Nacht, geen openbare verlichting aanwezig","Gewestweg","Met doden","personenauto","Vrachtwagen","Tss. 2 best.: langs opzij (voor-/achterkant-flank)","Geen hindernis","21"
"642","2022","06","22",2022-06-01,2022-06-01 22:00:00,2023-12-12 22:00:00,"38002","Vlaams Gewest","Provincie West-Vlaanderen","Alveringem",50.984190912,2.68992217300007,"Op Kruispunt","Normaal","Droog","buiten bebouwde kom","Dag","Gewestweg","Met doden","personenauto","Motorfiets","Tss. 2 best.: langs opzij (voor-/achterkant-flank)","Geen hindernis","22"
"643","2022","01","05",2022-01-01,2022-01-01 05:00:00,2023-12-12 05:00:00,"21012","Brussels Hoofdstedelijk Gewest",NA,"Sint-Jans-Molenbeek",50.848599752,4.32218607400006,"Op Kruispunt","Regenval","Nat, plassen","binnen bebouwde kom","Nacht, openbare verlichting aanwezig en ontstoken","Gewestweg","Met doden","onbekend","onbekend","Geen vermelding van de type aanrijding","Geen vermelding van de type aanrijding","05"
"644","2022","09","17",2022-09-01,2022-09-01 17:00:00,2023-12-12 17:00:00,"21012","Brussels Hoofdstedelijk Gewest",NA,"Sint-Jans-Molenbeek",50.848684835,4.31993352300003,"Buiten Kruispunt","Normaal","Nat, plassen","binnen bebouwde kom","Dag","Gewestweg","Met doden","Vrachtwagen","Voetganger","Met een voetganger","Geen hindernis","17"
"645","2022","02","21",2022-02-01,2022-02-01 21:00:00,2023-12-12 21:00:00,"13014","Vlaams Gewest","Provincie Antwerpen","Hoogstraten",51.450614322,4.71843051500002,"Buiten Kruispunt","Normaal","Droog+Proper","buiten bebouwde kom","Nacht, openbare verlichting aanwezig en ontstoken","Autosnelweg","Met doden","personenauto","een weggebruiker tegen een hindernis","Weggebruiker tegen hindernis buiten rijbaan","Buiten de rijbaan: Verlichtingspaal","21"
"646","2022","06","15",2022-06-01,2022-06-01 15:00:00,2023-12-12 15:00:00,"13014","Vlaams Gewest","Provincie Antwerpen","Hoogstraten",51.4493704610001,4.71986957300004,"Buiten Kruispunt","Normaal","Droog","buiten bebouwde kom","Dag","Autosnelweg","Met doden","Vrachtwagen","Vrachtwagen","Kettingbotsing (3 bestuurders of meer)","Geen hindernis","15"
"647","2022","02","11",2022-02-01,2022-02-01 11:00:00,2023-12-12 11:00:00,"24135","Vlaams Gewest","Provincie Vlaams-Brabant","Tielt-Winge",50.958034894,4.92419662500004,"Buiten Kruispunt","Normaal","Droog","buiten bebouwde kom","Dag","Autosnelweg","Met doden","personenauto","personenauto","Tussen 2 bestuurders: Langs achteren","Geen hindernis","11"
"648","2022","05","08",2022-05-01,2022-05-01 08:00:00,2023-12-12 08:00:00,"24135","Vlaams Gewest","Provincie Vlaams-Brabant","Tielt-Winge",50.9576412490001,4.93007534900005,"Buiten Kruispunt","Normaal","Droog","buiten bebouwde kom","Dag","Autosnelweg","Met doden","Lichte vrachtauto","Lichte vrachtauto","Tussen 2 bestuurders: Langs achteren","Geen hindernis","08"
"649","2022","04","10",2022-04-01,2022-04-01 10:00:00,2023-12-12 10:00:00,"24055","Vlaams Gewest","Provincie Vlaams-Brabant","Kortenberg",50.869427634,4.54091852600004,"Buiten Kruispunt","Normaal","Droog","buiten bebouwde kom","Dag","Autosnelweg","Met doden","Vrachtwagen","personenauto","Tussen 2 bestuurders: Langs achteren","Geen hindernis","10"
"650","2022","02","20",2022-02-01,2022-02-01 20:00:00,2023-12-12 20:00:00,"85007","Waals Gewest","Provincie Luxemburg","Chiny",49.6933077240001,5.43452640300006,"Buiten Kruispunt","Normaal","Droog","buiten bebouwde kom","Nacht, geen openbare verlichting aanwezig","Gewestweg","Met doden","personenauto","personenauto","Tussen 2 bestuurders: Flank tegen flank","Geen hindernis","20"
"651","2022","07","18",2022-07-01,2022-07-01 18:00:00,2023-12-12 18:00:00,"85007","Waals Gewest","Provincie Luxemburg","Chiny",49.6931461450001,5.43593150900006,"Buiten Kruispunt","Normaal","Proper","buiten bebouwde kom","Dag","Gewestweg","Met doden","personenauto","personenauto","Tussen 2 bestuurders: Frontale botsing","Geen hindernis","18"
"652","2022","03","20",2022-03-01,2022-03-01 20:00:00,2023-12-12 20:00:00,"31005","Vlaams Gewest","Provincie West-Vlaanderen","Brugge",51.327307046,3.18564979100006,"Buiten Kruispunt","Normaal","Droog","buiten bebouwde kom","Nacht, openbare verlichting aanwezig en ontstoken","Gewestweg","Met doden","Motorfiets","een weggebruiker tegen een hindernis","Weggebruiker tegen hindernis buiten rijbaan","Andere hindernis","20"
"653","2022","09","17",2022-09-01,2022-09-01 17:00:00,2023-12-12 17:00:00,"31005","Vlaams Gewest","Provincie West-Vlaanderen","Brugge",51.3282855910001,3.17886318100005,"Buiten Kruispunt","Normaal","Droog","binnen bebouwde kom","Dag","Gemeenteweg","Met doden","personenauto","een weggebruiker tegen een hindernis","Weggebruiker tegen hindernis buiten rijbaan","Andere hindernis","17"
"654","2022","04","06",2022-04-01,2022-04-01 06:00:00,2023-12-12 06:00:00,"56005","Waals Gewest","Provincie Henegouwen","Beaumont",50.2071666690001,4.22536916200005,"Buiten Kruispunt","Normaal","Droog","buiten bebouwde kom","Dageraad - schemering","Gewestweg","Met doden","personenauto","een weggebruiker tegen een hindernis","Weggebruiker tegen hindernis buiten rijbaan","Buiten de rijbaan: Muur gebouw","06"
"655","2022","10","16",2022-10-01,2022-10-01 16:00:00,2023-12-12 16:00:00,"56005","Waals Gewest","Provincie Henegouwen","Beaumont",50.203590739,4.22478464600005,"Buiten Kruispunt","Normaal","Droog","buiten bebouwde kom","Dag","Gewestweg","Met doden","personenauto","Vrachtwagen","Tussen 2 bestuurders: Frontale botsing","Geen hindernis","16"
"656","2022","06","08",2022-06-01,2022-06-01 08:00:00,2023-12-12 08:00:00,"21016","Brussels Hoofdstedelijk Gewest",NA,"Ukkel",50.8125056420001,4.36819682900005,"Buiten Kruispunt","Normaal","Droog","binnen bebouwde kom","Dag","Gewestweg","dodelijk gewonden","Fiets","één bestuurder, geen hindernis","Eén bestuurder, geen hindernis (incl. val)","Geen hindernis","08"
"657","2022","08","13",2022-08-01,2022-08-01 13:00:00,2023-12-12 13:00:00,"62003","Waals Gewest","Provincie Luik","Ans",50.6712455190001,5.52588757700005,"Buiten Kruispunt","Normaal","Droog+Proper","buiten bebouwde kom","Dag","Autosnelweg","Met doden","personenauto","een weggebruiker tegen een hindernis","Weggebruiker tegen hindernis buiten rijbaan","Buiten de rijbaan: Boom","13"
"658","2022","12","04",2022-12-01,2022-12-01 04:00:00,2023-12-12 04:00:00,"62003","Waals Gewest","Provincie Luik","Ans",50.6711428670001,5.52695241300006,"Buiten Kruispunt","Normaal","Droog+Proper","buiten bebouwde kom","Nacht, openbare verlichting aanwezig en ontstoken","Autosnelweg","Met doden","Vrachtwagen","Lichte vrachtauto","Tussen 2 bestuurders: Langs achteren","Geen hindernis","04"
"659","2022","10","05",2022-10-01,2022-10-01 05:00:00,2023-12-12 05:00:00,"72043","Vlaams Gewest","Provincie Limburg","Pelt",51.235340513,5.45046404900006,"Buiten Kruispunt","Normaal","Droog","buiten bebouwde kom","Nacht, geen openbare verlichting aanwezig","Gewestweg","Met doden","Motorfiets","Voetganger","Met een voetganger","Geen hindernis","05"
"660","2022","12","19",2022-12-01,2022-12-01 19:00:00,2023-12-12 19:00:00,"72043","Vlaams Gewest","Provincie Limburg","Pelt",51.2357460740001,5.45144284200006,"Buiten Kruispunt","Regenval","Nat, plassen","buiten bebouwde kom","Nacht, openbare verlichting aanwezig en ontstoken","Gewestweg","Met doden","Voetganger","personenauto","Met een voetganger","Geen hindernis","19"